Apache Maven 3.9.16 (2bdd9fddda4b155ebf8000e807eb73fd829a51d5)
Maven home: /Users/gowri/.m2/wrapper/dists/apache-maven-3.9.16/56ba1f9f
Java version: 21.0.11, vendor: Eclipse Adoptium, runtime: /Library/Java/JavaVirtualMachines/temurin-21.jdk/Contents/Home
Default locale: en_IN, platform encoding: UTF-8
OS name: "mac os x", version: "15.7.5", arch: "aarch64", family: "mac"
[DEBUG] Created new class realm maven.api
[DEBUG] Importing foreign packages into class realm maven.api
[DEBUG]   Imported: javax.annotation.* < plexus.core
[DEBUG]   Imported: javax.annotation.security.* < plexus.core
[DEBUG]   Imported: javax.inject.* < plexus.core
[DEBUG]   Imported: org.apache.maven.* < plexus.core
[DEBUG]   Imported: org.apache.maven.artifact < plexus.core
[DEBUG]   Imported: org.apache.maven.classrealm < plexus.core
[DEBUG]   Imported: org.apache.maven.cli < plexus.core
[DEBUG]   Imported: org.apache.maven.configuration < plexus.core
[DEBUG]   Imported: org.apache.maven.exception < plexus.core
[DEBUG]   Imported: org.apache.maven.execution < plexus.core
[DEBUG]   Imported: org.apache.maven.execution.scope < plexus.core
[DEBUG]   Imported: org.apache.maven.graph < plexus.core
[DEBUG]   Imported: org.apache.maven.lifecycle < plexus.core
[DEBUG]   Imported: org.apache.maven.model < plexus.core
[DEBUG]   Imported: org.apache.maven.monitor < plexus.core
[DEBUG]   Imported: org.apache.maven.plugin < plexus.core
[DEBUG]   Imported: org.apache.maven.profiles < plexus.core
[DEBUG]   Imported: org.apache.maven.project < plexus.core
[DEBUG]   Imported: org.apache.maven.reporting < plexus.core
[DEBUG]   Imported: org.apache.maven.repository < plexus.core
[DEBUG]   Imported: org.apache.maven.rtinfo < plexus.core
[DEBUG]   Imported: org.apache.maven.settings < plexus.core
[DEBUG]   Imported: org.apache.maven.toolchain < plexus.core
[DEBUG]   Imported: org.apache.maven.usability < plexus.core
[DEBUG]   Imported: org.apache.maven.wagon.* < plexus.core
[DEBUG]   Imported: org.apache.maven.wagon.authentication < plexus.core
[DEBUG]   Imported: org.apache.maven.wagon.authorization < plexus.core
[DEBUG]   Imported: org.apache.maven.wagon.events < plexus.core
[DEBUG]   Imported: org.apache.maven.wagon.observers < plexus.core
[DEBUG]   Imported: org.apache.maven.wagon.proxy < plexus.core
[DEBUG]   Imported: org.apache.maven.wagon.repository < plexus.core
[DEBUG]   Imported: org.apache.maven.wagon.resource < plexus.core
[DEBUG]   Imported: org.codehaus.classworlds < plexus.core
[DEBUG]   Imported: org.codehaus.plexus.* < plexus.core
[DEBUG]   Imported: org.codehaus.plexus.classworlds < plexus.core
[DEBUG]   Imported: org.codehaus.plexus.component < plexus.core
[DEBUG]   Imported: org.codehaus.plexus.configuration < plexus.core
[DEBUG]   Imported: org.codehaus.plexus.container < plexus.core
[DEBUG]   Imported: org.codehaus.plexus.context < plexus.core
[DEBUG]   Imported: org.codehaus.plexus.lifecycle < plexus.core
[DEBUG]   Imported: org.codehaus.plexus.logging < plexus.core
[DEBUG]   Imported: org.codehaus.plexus.personality < plexus.core
[DEBUG]   Imported: org.codehaus.plexus.util.xml.Xpp3Dom < plexus.core
[DEBUG]   Imported: org.codehaus.plexus.util.xml.pull.XmlPullParser < plexus.core
[DEBUG]   Imported: org.codehaus.plexus.util.xml.pull.XmlPullParserException < plexus.core
[DEBUG]   Imported: org.codehaus.plexus.util.xml.pull.XmlSerializer < plexus.core
[DEBUG]   Imported: org.eclipse.aether.* < plexus.core
[DEBUG]   Imported: org.eclipse.aether.artifact < plexus.core
[DEBUG]   Imported: org.eclipse.aether.collection < plexus.core
[DEBUG]   Imported: org.eclipse.aether.deployment < plexus.core
[DEBUG]   Imported: org.eclipse.aether.graph < plexus.core
[DEBUG]   Imported: org.eclipse.aether.impl < plexus.core
[DEBUG]   Imported: org.eclipse.aether.installation < plexus.core
[DEBUG]   Imported: org.eclipse.aether.internal.impl < plexus.core
[DEBUG]   Imported: org.eclipse.aether.metadata < plexus.core
[DEBUG]   Imported: org.eclipse.aether.repository < plexus.core
[DEBUG]   Imported: org.eclipse.aether.resolution < plexus.core
[DEBUG]   Imported: org.eclipse.aether.spi < plexus.core
[DEBUG]   Imported: org.eclipse.aether.transfer < plexus.core
[DEBUG]   Imported: org.eclipse.aether.util < plexus.core
[DEBUG]   Imported: org.eclipse.aether.version < plexus.core
[DEBUG]   Imported: org.fusesource.jansi.* < plexus.core
[DEBUG]   Imported: org.slf4j.* < plexus.core
[DEBUG]   Imported: org.slf4j.event.* < plexus.core
[DEBUG]   Imported: org.slf4j.helpers.* < plexus.core
[DEBUG]   Imported: org.slf4j.spi.* < plexus.core
[DEBUG] Populating class realm maven.api
[DEBUG] Created adapter factory; available factories [file-lock, rwlock-local, semaphore-local, noop]; available name mappers [discriminating, file-gaecv, file-gav, file-hgaecv, file-hgav, file-static, gaecv, gav, static]
[INFO] Error stacktraces are turned on.
[DEBUG] Message scheme: color
[DEBUG] Message styles: debug info warning error success failure strong mojo project
[DEBUG] Reading global settings from /Users/gowri/.m2/wrapper/dists/apache-maven-3.9.16/56ba1f9f/conf/settings.xml
[DEBUG] Reading user settings from /Users/gowri/.m2/settings.xml
[DEBUG] Reading global toolchains from /Users/gowri/.m2/wrapper/dists/apache-maven-3.9.16/56ba1f9f/conf/toolchains.xml
[DEBUG] Reading user toolchains from /Users/gowri/.m2/toolchains.xml
[DEBUG] Using local repository at /Users/gowri/.m2/repository
[DEBUG] Using manager EnhancedLocalRepositoryManager with priority 10.0 for /Users/gowri/.m2/repository
[INFO] Scanning for projects...
[DEBUG] Creating adapter using nameMapper 'gaecv' and factory 'rwlock-local'
[DEBUG] Extension realms for project com.forkcast:backend:jar:0.0.1-SNAPSHOT: (none)
[DEBUG] Looking up lifecycle mappings for packaging jar from ClassRealm[plexus.core, parent: null]
[DEBUG] Extension realms for project org.springframework.boot:spring-boot-starter-parent:pom:3.5.16: (none)
[DEBUG] Looking up lifecycle mappings for packaging pom from ClassRealm[plexus.core, parent: null]
[DEBUG] Extension realms for project org.springframework.boot:spring-boot-dependencies:pom:3.5.16: (none)
[DEBUG] Looking up lifecycle mappings for packaging pom from ClassRealm[plexus.core, parent: null]
[DEBUG] === REACTOR BUILD PLAN ================================================
[DEBUG] Project: com.forkcast:backend:jar:0.0.1-SNAPSHOT
[DEBUG] Tasks:   [clean, compile]
[DEBUG] Style:   Regular
[DEBUG] =======================================================================
[INFO] 
[INFO] ------------------------< com.forkcast:backend >------------------------
[INFO] Building  0.0.1-SNAPSHOT
[INFO]   from pom.xml
[INFO] --------------------------------[ jar ]---------------------------------
[DEBUG] Lifecycle clean -> [pre-clean, clean, post-clean]
[DEBUG] Lifecycle default -> [validate, initialize, generate-sources, process-sources, generate-resources, process-resources, compile, process-classes, generate-test-sources, process-test-sources, generate-test-resources, process-test-resources, test-compile, process-test-classes, test, prepare-package, package, pre-integration-test, integration-test, post-integration-test, verify, install, deploy]
[DEBUG] Lifecycle site -> [pre-site, site, post-site, site-deploy]
[DEBUG] Lifecycle clean -> [pre-clean, clean, post-clean]
[DEBUG] Lifecycle default -> [validate, initialize, generate-sources, process-sources, generate-resources, process-resources, compile, process-classes, generate-test-sources, process-test-sources, generate-test-resources, process-test-resources, test-compile, process-test-classes, test, prepare-package, package, pre-integration-test, integration-test, post-integration-test, verify, install, deploy]
[DEBUG] Lifecycle site -> [pre-site, site, post-site, site-deploy]
[DEBUG] Lifecycle clean -> [pre-clean, clean, post-clean]
[DEBUG] Lifecycle default -> [validate, initialize, generate-sources, process-sources, generate-resources, process-resources, compile, process-classes, generate-test-sources, process-test-sources, generate-test-resources, process-test-resources, test-compile, process-test-classes, test, prepare-package, package, pre-integration-test, integration-test, post-integration-test, verify, install, deploy]
[DEBUG] Lifecycle site -> [pre-site, site, post-site, site-deploy]
[DEBUG] Lifecycle clean -> [pre-clean, clean, post-clean]
[DEBUG] Lifecycle default -> [validate, initialize, generate-sources, process-sources, generate-resources, process-resources, compile, process-classes, generate-test-sources, process-test-sources, generate-test-resources, process-test-resources, test-compile, process-test-classes, test, prepare-package, package, pre-integration-test, integration-test, post-integration-test, verify, install, deploy]
[DEBUG] Lifecycle site -> [pre-site, site, post-site, site-deploy]
[DEBUG] Lifecycle clean -> [pre-clean, clean, post-clean]
[DEBUG] Lifecycle default -> [validate, initialize, generate-sources, process-sources, generate-resources, process-resources, compile, process-classes, generate-test-sources, process-test-sources, generate-test-resources, process-test-resources, test-compile, process-test-classes, test, prepare-package, package, pre-integration-test, integration-test, post-integration-test, verify, install, deploy]
[DEBUG] Lifecycle site -> [pre-site, site, post-site, site-deploy]
[DEBUG] === PROJECT BUILD PLAN ================================================
[DEBUG] Project:       com.forkcast:backend:0.0.1-SNAPSHOT
[DEBUG] Dependencies (collect): []
[DEBUG] Dependencies (resolve): [compile]
[DEBUG] Repositories (dependencies): [central (https://repo.maven.apache.org/maven2, default, releases)]
[DEBUG] Repositories (plugins)     : [central (https://repo.maven.apache.org/maven2, default, releases)]
[DEBUG] -----------------------------------------------------------------------
[DEBUG] Goal:          org.apache.maven.plugins:maven-clean-plugin:3.4.1:clean (default-clean)
[DEBUG] Style:         Regular
[DEBUG] Configuration: <?xml version="1.0" encoding="UTF-8"?>
<configuration>
  <directory default-value="${project.build.directory}"/>
  <excludeDefaultDirectories default-value="false">${maven.clean.excludeDefaultDirectories}</excludeDefaultDirectories>
  <failOnError default-value="true">${maven.clean.failOnError}</failOnError>
  <fast default-value="false">${maven.clean.fast}</fast>
  <fastDir>${maven.clean.fastDir}</fastDir>
  <fastMode default-value="background">${maven.clean.fastMode}</fastMode>
  <followSymLinks default-value="false">${maven.clean.followSymLinks}</followSymLinks>
  <outputDirectory default-value="${project.build.outputDirectory}"/>
  <reportDirectory default-value="${project.build.outputDirectory}"/>
  <retryOnError default-value="true">${maven.clean.retryOnError}</retryOnError>
  <session default-value="${session}"/>
  <skip default-value="false">${maven.clean.skip}</skip>
  <testOutputDirectory default-value="${project.build.testOutputDirectory}"/>
  <verbose>${maven.clean.verbose}</verbose>
</configuration>
[DEBUG] -----------------------------------------------------------------------
[DEBUG] Goal:          org.apache.maven.plugins:maven-resources-plugin:3.3.1:resources (default-resources)
[DEBUG] Style:         Regular
[DEBUG] Configuration: <?xml version="1.0" encoding="UTF-8"?>
<configuration>
  <addDefaultExcludes default-value="true"/>
  <buildFilters default-value="${project.build.filters}"/>
  <delimiters>
    <delimiter>@</delimiter>
  </delimiters>
  <encoding default-value="${project.build.sourceEncoding}"/>
  <escapeWindowsPaths default-value="true"/>
  <fileNameFiltering default-value="false"/>
  <includeEmptyDirs default-value="false"/>
  <outputDirectory default-value="${project.build.outputDirectory}"/>
  <overwrite default-value="false"/>
  <project default-value="${project}"/>
  <propertiesEncoding>UTF-8</propertiesEncoding>
  <resources default-value="${project.resources}"/>
  <session default-value="${session}"/>
  <skip default-value="false">${maven.resources.skip}</skip>
  <supportMultiLineFiltering default-value="false"/>
  <useBuildFilters default-value="true"/>
  <useDefaultDelimiters default-value="true">false</useDefaultDelimiters>
</configuration>
[DEBUG] -----------------------------------------------------------------------
[DEBUG] Goal:          org.apache.maven.plugins:maven-compiler-plugin:3.14.1:compile (default-compile)
[DEBUG] Style:         Regular
[DEBUG] Configuration: <?xml version="1.0" encoding="UTF-8"?>
<configuration>
  <annotationProcessorPaths>
    <path>
      <groupId>org.projectlombok</groupId>
      <artifactId>lombok</artifactId>
    </path>
  </annotationProcessorPaths>
  <annotationProcessorPathsUseDepMgmt default-value="false"/>
  <basedir default-value="${basedir}"/>
  <buildDirectory default-value="${project.build.directory}"/>
  <compilePath default-value="${project.compileClasspathElements}"/>
  <compileSourceRoots default-value="${project.compileSourceRoots}"/>
  <compilerId default-value="javac">${maven.compiler.compilerId}</compilerId>
  <compilerReuseStrategy default-value="${reuseCreated}">${maven.compiler.compilerReuseStrategy}</compilerReuseStrategy>
  <compilerVersion>${maven.compiler.compilerVersion}</compilerVersion>
  <createMissingPackageInfoClass default-value="true">${maven.compiler.createMissingPackageInfoClass}</createMissingPackageInfoClass>
  <debug default-value="true">${maven.compiler.debug}</debug>
  <debugFileName default-value="javac"/>
  <debuglevel>${maven.compiler.debuglevel}</debuglevel>
  <enablePreview default-value="false">${maven.compiler.enablePreview}</enablePreview>
  <encoding default-value="${project.build.sourceEncoding}">${encoding}</encoding>
  <executable>${maven.compiler.executable}</executable>
  <failOnError default-value="true">${maven.compiler.failOnError}</failOnError>
  <failOnWarning default-value="false">${maven.compiler.failOnWarning}</failOnWarning>
  <fileExtensions default-value="class,jar"/>
  <forceJavacCompilerUse default-value="false">${maven.compiler.forceJavacCompilerUse}</forceJavacCompilerUse>
  <forceLegacyJavacApi default-value="false">${maven.compiler.forceLegacyJavacApi}</forceLegacyJavacApi>
  <fork default-value="false">${maven.compiler.fork}</fork>
  <generatedSourcesDirectory default-value="${project.build.directory}/generated-sources/annotations"/>
  <implicit>${maven.compiler.implicit}</implicit>
  <maxmem>${maven.compiler.maxmem}</maxmem>
  <meminitial>${maven.compiler.meminitial}</meminitial>
  <moduleVersion default-value="${project.version}">${maven.compiler.moduleVersion}</moduleVersion>
  <mojoExecution default-value="${mojoExecution}"/>
  <optimize default-value="false">${maven.compiler.optimize}</optimize>
  <outputDirectory default-value="${project.build.outputDirectory}">${maven.compiler.outputDirectory}</outputDirectory>
  <outputTimestamp default-value="${project.build.outputTimestamp}"/>
  <parameters default-value="false">true</parameters>
  <proc>${maven.compiler.proc}</proc>
  <project default-value="${project}"/>
  <projectArtifact default-value="${project.artifact}"/>
  <release>${maven.compiler.release}</release>
  <session default-value="${session}"/>
  <showCompilationChanges default-value="false">${maven.compiler.showCompilationChanges}</showCompilationChanges>
  <showDeprecation default-value="false">${maven.compiler.showDeprecation}</showDeprecation>
  <showWarnings default-value="true">${maven.compiler.showWarnings}</showWarnings>
  <skipMain>${maven.main.skip}</skipMain>
  <skipMultiThreadWarning default-value="false">${maven.compiler.skipMultiThreadWarning}</skipMultiThreadWarning>
  <source default-value="1.8">${maven.compiler.source}</source>
  <staleMillis default-value="0">${lastModGranularityMs}</staleMillis>
  <target default-value="1.8">${maven.compiler.target}</target>
  <useIncrementalCompilation default-value="true">${maven.compiler.useIncrementalCompilation}</useIncrementalCompilation>
  <useModuleVersion default-value="true">${maven.compiler.useModuleVersion}</useModuleVersion>
  <verbose default-value="false">${maven.compiler.verbose}</verbose>
</configuration>
[DEBUG] =======================================================================
[DEBUG] Using mirror maven-default-http-blocker (http://0.0.0.0/) for vaadin-snapshots (http://oss.sonatype.org/content/repositories/vaadin-snapshots/).
[DEBUG] Using mirror maven-default-http-blocker (http://0.0.0.0/) for vaadin-releases (http://oss.sonatype.org/content/repositories/vaadin-releases/).
[DEBUG] Dependency collection stats {ConflictMarker.analyzeTime=791458, ConflictMarker.markTime=312417, ConflictMarker.nodeCount=218, ConflictIdSorter.graphTime=531125, ConflictIdSorter.topsortTime=300167, ConflictIdSorter.conflictIdCount=102, ConflictIdSorter.conflictIdCycleCount=0, ConflictResolver.totalTime=9691292, ConflictResolver.conflictItemCount=213, DfDependencyCollector.collectTime=259725875, DfDependencyCollector.transformTime=12821083}
[DEBUG] com.forkcast:backend:jar:0.0.1-SNAPSHOT
[DEBUG]    org.springframework.boot:spring-boot-starter-data-jpa:jar:3.5.16:compile
[DEBUG]       org.springframework.boot:spring-boot-starter:jar:3.5.16:compile (version managed from 3.5.16)
[DEBUG]          org.springframework.boot:spring-boot-starter-logging:jar:3.5.16:compile (version managed from 3.5.16)
[DEBUG]             ch.qos.logback:logback-classic:jar:1.5.34:compile (version managed from 1.5.34)
[DEBUG]                ch.qos.logback:logback-core:jar:1.5.34:compile (version managed from 1.5.34)
[DEBUG]             org.apache.logging.log4j:log4j-to-slf4j:jar:2.24.3:compile (version managed from 2.24.3)
[DEBUG]                org.apache.logging.log4j:log4j-api:jar:2.24.3:compile (version managed from 2.24.3)
[DEBUG]             org.slf4j:jul-to-slf4j:jar:2.0.18:compile (version managed from 2.0.18)
[DEBUG]          jakarta.annotation:jakarta.annotation-api:jar:2.1.1:compile (version managed from 2.1.1)
[DEBUG]          org.yaml:snakeyaml:jar:2.4:compile (version managed from 2.4)
[DEBUG]       org.springframework.boot:spring-boot-starter-jdbc:jar:3.5.16:compile (version managed from 3.5.16)
[DEBUG]          com.zaxxer:HikariCP:jar:6.3.3:compile (version managed from 6.3.3)
[DEBUG]          org.springframework:spring-jdbc:jar:6.2.19:compile (version managed from 6.2.19)
[DEBUG]       org.hibernate.orm:hibernate-core:jar:6.6.53.Final:compile (version managed from 6.6.53.Final)
[DEBUG]          jakarta.persistence:jakarta.persistence-api:jar:3.1.0:compile (version managed from 3.1.0)
[DEBUG]          jakarta.transaction:jakarta.transaction-api:jar:2.0.1:compile (version managed from 2.0.1)
[DEBUG]          org.jboss.logging:jboss-logging:jar:3.6.3.Final:compile (version managed from 3.5.0.Final)
[DEBUG]          org.hibernate.common:hibernate-commons-annotations:jar:7.0.3.Final:runtime
[DEBUG]          io.smallrye:jandex:jar:3.2.0:runtime
[DEBUG]          com.fasterxml:classmate:jar:1.7.3:compile (version managed from 1.5.1)
[DEBUG]          net.bytebuddy:byte-buddy:jar:1.17.8:runtime (version managed from 1.17.8)
[DEBUG]          org.glassfish.jaxb:jaxb-runtime:jar:4.0.9:runtime (version managed from 4.0.2)
[DEBUG]             org.glassfish.jaxb:jaxb-core:jar:4.0.9:runtime (version managed from 4.0.9)
[DEBUG]                org.eclipse.angus:angus-activation:jar:2.0.3:runtime (version managed from 2.0.3)
[DEBUG]                org.glassfish.jaxb:txw2:jar:4.0.9:runtime (version managed from 4.0.9)
[DEBUG]                com.sun.istack:istack-commons-runtime:jar:4.1.2:runtime (version managed from 4.1.2)
[DEBUG]          jakarta.inject:jakarta.inject-api:jar:2.0.1:runtime (version managed from 2.0.1)
[DEBUG]          org.antlr:antlr4-runtime:jar:4.13.2:compile
[DEBUG]       org.springframework.data:spring-data-jpa:jar:3.5.13:compile (version managed from 3.5.13)
[DEBUG]          org.springframework.data:spring-data-commons:jar:3.5.13:compile (version managed from 3.5.13)
[DEBUG]          org.springframework:spring-orm:jar:6.2.19:compile (version managed from 6.2.19)
[DEBUG]          org.springframework:spring-context:jar:6.2.19:compile (version managed from 6.2.19)
[DEBUG]          org.springframework:spring-tx:jar:6.2.19:compile (version managed from 6.2.19)
[DEBUG]          org.springframework:spring-beans:jar:6.2.19:compile (version managed from 6.2.19)
[DEBUG]          org.slf4j:slf4j-api:jar:2.0.18:compile (version managed from 2.0.18)
[DEBUG]       org.springframework:spring-aspects:jar:6.2.19:compile (version managed from 6.2.19)
[DEBUG]          org.aspectj:aspectjweaver:jar:1.9.25.1:compile (version managed from 1.9.22.1)
[DEBUG]    org.springframework.boot:spring-boot-starter-security:jar:3.5.16:compile
[DEBUG]       org.springframework:spring-aop:jar:6.2.19:compile (version managed from 6.2.19)
[DEBUG]       org.springframework.security:spring-security-config:jar:6.5.11:compile (version managed from 6.5.11)
[DEBUG]       org.springframework.security:spring-security-web:jar:6.5.11:compile (version managed from 6.5.11)
[DEBUG]          org.springframework:spring-expression:jar:6.2.19:compile (version managed from 6.2.19)
[DEBUG]    org.springframework.boot:spring-boot-starter-validation:jar:3.5.16:compile
[DEBUG]       org.apache.tomcat.embed:tomcat-embed-el:jar:10.1.55:compile (version managed from 10.1.55)
[DEBUG]       org.hibernate.validator:hibernate-validator:jar:8.0.3.Final:compile (version managed from 8.0.3.Final)
[DEBUG]          jakarta.validation:jakarta.validation-api:jar:3.0.2:compile (version managed from 3.0.2)
[DEBUG]    org.springframework.boot:spring-boot-starter-web:jar:3.5.16:compile
[DEBUG]       org.springframework.boot:spring-boot-starter-json:jar:3.5.16:compile (version managed from 3.5.16)
[DEBUG]          com.fasterxml.jackson.datatype:jackson-datatype-jdk8:jar:2.21.4:compile (version managed from 2.21.4)
[DEBUG]          com.fasterxml.jackson.datatype:jackson-datatype-jsr310:jar:2.21.4:compile (version managed from 2.21.4)
[DEBUG]          com.fasterxml.jackson.module:jackson-module-parameter-names:jar:2.21.4:compile (version managed from 2.21.4)
[DEBUG]       org.springframework.boot:spring-boot-starter-tomcat:jar:3.5.16:compile (version managed from 3.5.16)
[DEBUG]          org.apache.tomcat.embed:tomcat-embed-core:jar:10.1.55:compile (version managed from 10.1.55)
[DEBUG]          org.apache.tomcat.embed:tomcat-embed-websocket:jar:10.1.55:compile (version managed from 10.1.55)
[DEBUG]       org.springframework:spring-web:jar:6.2.19:compile (version managed from 6.2.19)
[DEBUG]          io.micrometer:micrometer-observation:jar:1.15.12:compile (version managed from 1.15.12)
[DEBUG]             io.micrometer:micrometer-commons:jar:1.15.12:compile (version managed from 1.15.12)
[DEBUG]       org.springframework:spring-webmvc:jar:6.2.19:compile (version managed from 6.2.19)
[DEBUG]    org.springframework.boot:spring-boot-devtools:jar:3.5.16:runtime (optional)
[DEBUG]       org.springframework.boot:spring-boot:jar:3.5.16:compile (version managed from 3.5.16)
[DEBUG]       org.springframework.boot:spring-boot-autoconfigure:jar:3.5.16:compile (version managed from 3.5.16)
[DEBUG]    com.mysql:mysql-connector-j:jar:9.7.0:runtime (exclusions managed from [com.google.protobuf:protobuf-java:*:*])
[DEBUG]    org.projectlombok:lombok:jar:1.18.46:compile (optional)
[DEBUG]    org.springframework.boot:spring-boot-starter-test:jar:3.5.16:test
[DEBUG]       org.springframework.boot:spring-boot-test:jar:3.5.16:test (version managed from 3.5.16)
[DEBUG]       org.springframework.boot:spring-boot-test-autoconfigure:jar:3.5.16:test (version managed from 3.5.16)
[DEBUG]       com.jayway.jsonpath:json-path:jar:2.9.0:test (version managed from 2.9.0)
[DEBUG]       jakarta.xml.bind:jakarta.xml.bind-api:jar:4.0.5:runtime (version managed from 4.0.5)
[DEBUG]          jakarta.activation:jakarta.activation-api:jar:2.1.4:runtime (version managed from 2.1.4)
[DEBUG]       net.minidev:json-smart:jar:2.5.2:test (version managed from 2.5.2)
[DEBUG]          net.minidev:accessors-smart:jar:2.5.2:test
[DEBUG]             org.ow2.asm:asm:jar:9.7.1:test
[DEBUG]       org.assertj:assertj-core:jar:3.27.7:test (version managed from 3.27.7)
[DEBUG]       org.awaitility:awaitility:jar:4.2.2:test (version managed from 4.2.2)
[DEBUG]       org.hamcrest:hamcrest:jar:3.0:test (version managed from 3.0)
[DEBUG]       org.junit.jupiter:junit-jupiter:jar:5.12.2:test (version managed from 5.12.2)
[DEBUG]          org.junit.jupiter:junit-jupiter-api:jar:5.12.2:test (version managed from 5.12.2)
[DEBUG]             org.opentest4j:opentest4j:jar:1.3.0:test
[DEBUG]             org.junit.platform:junit-platform-commons:jar:1.12.2:test (version managed from 1.12.2)
[DEBUG]             org.apiguardian:apiguardian-api:jar:1.1.2:test
[DEBUG]          org.junit.jupiter:junit-jupiter-params:jar:5.12.2:test (version managed from 5.12.2)
[DEBUG]          org.junit.jupiter:junit-jupiter-engine:jar:5.12.2:test (version managed from 5.12.2)
[DEBUG]             org.junit.platform:junit-platform-engine:jar:1.12.2:test (version managed from 1.12.2)
[DEBUG]       org.mockito:mockito-core:jar:5.17.0:test (version managed from 5.17.0)
[DEBUG]          net.bytebuddy:byte-buddy-agent:jar:1.17.8:test (version managed from 1.15.11)
[DEBUG]          org.objenesis:objenesis:jar:3.3:test
[DEBUG]       org.mockito:mockito-junit-jupiter:jar:5.17.0:test (version managed from 5.17.0)
[DEBUG]       org.skyscreamer:jsonassert:jar:1.5.3:test (version managed from 1.5.3)
[DEBUG]          com.vaadin.external.google:android-json:jar:0.0.20131108.vaadin1:test
[DEBUG]       org.springframework:spring-core:jar:6.2.19:compile (version managed from 6.2.19)
[DEBUG]          org.springframework:spring-jcl:jar:6.2.19:compile (version managed from 6.2.19)
[DEBUG]       org.springframework:spring-test:jar:6.2.19:test (version managed from 6.2.19)
[DEBUG]       org.xmlunit:xmlunit-core:jar:2.10.4:test (version managed from 2.10.4)
[DEBUG]    org.springframework.security:spring-security-test:jar:6.5.11:test
[DEBUG]       org.springframework.security:spring-security-core:jar:6.5.11:compile (version managed from 6.5.11)
[DEBUG]          org.springframework.security:spring-security-crypto:jar:6.5.11:compile (version managed from 6.5.11)
[DEBUG]    io.jsonwebtoken:jjwt-api:jar:0.12.7:compile
[DEBUG]    io.jsonwebtoken:jjwt-impl:jar:0.12.7:runtime
[DEBUG]    io.jsonwebtoken:jjwt-jackson:jar:0.12.7:runtime
[DEBUG]       com.fasterxml.jackson.core:jackson-databind:jar:2.21.4:compile (version managed from 2.12.7.1)
[DEBUG]          com.fasterxml.jackson.core:jackson-annotations:jar:2.21:compile (version managed from 2.21)
[DEBUG]          com.fasterxml.jackson.core:jackson-core:jar:2.21.4:compile (version managed from 2.21.4)
[INFO] 
[INFO] --- clean:3.4.1:clean (default-clean) @ backend ---
[DEBUG] Dependency collection stats {ConflictMarker.analyzeTime=75500, ConflictMarker.markTime=54375, ConflictMarker.nodeCount=2, ConflictIdSorter.graphTime=38416, ConflictIdSorter.topsortTime=6625, ConflictIdSorter.conflictIdCount=2, ConflictIdSorter.conflictIdCycleCount=0, ConflictResolver.totalTime=64500, ConflictResolver.conflictItemCount=2, DfDependencyCollector.collectTime=7753791, DfDependencyCollector.transformTime=249292}
[DEBUG] org.apache.maven.plugins:maven-clean-plugin:jar:3.4.1
[DEBUG]    org.codehaus.plexus:plexus-utils:jar:4.0.1:compile
[DEBUG] Created new class realm plugin>org.apache.maven.plugins:maven-clean-plugin:3.4.1
[DEBUG] Importing foreign packages into class realm plugin>org.apache.maven.plugins:maven-clean-plugin:3.4.1
[DEBUG]   Imported:  < maven.api
[DEBUG] Populating class realm plugin>org.apache.maven.plugins:maven-clean-plugin:3.4.1
[DEBUG]   Included: org.apache.maven.plugins:maven-clean-plugin:jar:3.4.1
[DEBUG]   Included: org.codehaus.plexus:plexus-utils:jar:4.0.1
[DEBUG] Loading mojo org.apache.maven.plugins:maven-clean-plugin:3.4.1:clean from plugin realm ClassRealm[plugin>org.apache.maven.plugins:maven-clean-plugin:3.4.1, parent: jdk.internal.loader.ClassLoaders$AppClassLoader@c387f44]
[DEBUG] Configuring mojo execution 'org.apache.maven.plugins:maven-clean-plugin:3.4.1:clean:default-clean' with basic configurator -->
[DEBUG]   (f) directory = /Users/gowri/Documents/ENGINEERING/projects/NutriMind-AI/backend/target
[DEBUG]   (f) excludeDefaultDirectories = false
[DEBUG]   (f) failOnError = true
[DEBUG]   (f) fast = false
[DEBUG]   (f) fastMode = background
[DEBUG]   (f) followSymLinks = false
[DEBUG]   (f) outputDirectory = /Users/gowri/Documents/ENGINEERING/projects/NutriMind-AI/backend/target/classes
[DEBUG]   (f) reportDirectory = /Users/gowri/Documents/ENGINEERING/projects/NutriMind-AI/backend/target/classes
[DEBUG]   (f) retryOnError = true
[DEBUG]   (f) session = org.apache.maven.execution.MavenSession@6cd64ee8
[DEBUG]   (f) skip = false
[DEBUG]   (f) testOutputDirectory = /Users/gowri/Documents/ENGINEERING/projects/NutriMind-AI/backend/target/test-classes
[DEBUG] -- end configuration --
[DEBUG] Skipping non-existing directory /Users/gowri/Documents/ENGINEERING/projects/NutriMind-AI/backend/target
[DEBUG] Skipping non-existing directory /Users/gowri/Documents/ENGINEERING/projects/NutriMind-AI/backend/target/classes
[DEBUG] Skipping non-existing directory /Users/gowri/Documents/ENGINEERING/projects/NutriMind-AI/backend/target/test-classes
[DEBUG] Skipping non-existing directory /Users/gowri/Documents/ENGINEERING/projects/NutriMind-AI/backend/target/classes
[INFO] 
[INFO] --- resources:3.3.1:resources (default-resources) @ backend ---
[DEBUG] Dependency collection stats {ConflictMarker.analyzeTime=46042, ConflictMarker.markTime=21375, ConflictMarker.nodeCount=13, ConflictIdSorter.graphTime=28875, ConflictIdSorter.topsortTime=10541, ConflictIdSorter.conflictIdCount=9, ConflictIdSorter.conflictIdCycleCount=0, ConflictResolver.totalTime=138291, ConflictResolver.conflictItemCount=13, DfDependencyCollector.collectTime=36604458, DfDependencyCollector.transformTime=258208}
[DEBUG] org.apache.maven.plugins:maven-resources-plugin:jar:3.3.1
[DEBUG]    org.codehaus.plexus:plexus-interpolation:jar:1.26:runtime
[DEBUG]    org.codehaus.plexus:plexus-utils:jar:3.5.1:compile
[DEBUG]    org.apache.maven.shared:maven-filtering:jar:3.3.1:compile
[DEBUG]       javax.inject:javax.inject:jar:1:compile
[DEBUG]       org.slf4j:slf4j-api:jar:1.7.36:compile
[DEBUG]       org.sonatype.plexus:plexus-build-api:jar:0.0.7:compile
[DEBUG]    commons-io:commons-io:jar:2.11.0:compile
[DEBUG]    org.apache.commons:commons-lang3:jar:3.12.0:compile
[DEBUG] Created new class realm plugin>org.apache.maven.plugins:maven-resources-plugin:3.3.1
[DEBUG] Importing foreign packages into class realm plugin>org.apache.maven.plugins:maven-resources-plugin:3.3.1
[DEBUG]   Imported:  < maven.api
[DEBUG] Populating class realm plugin>org.apache.maven.plugins:maven-resources-plugin:3.3.1
[DEBUG]   Included: org.apache.maven.plugins:maven-resources-plugin:jar:3.3.1
[DEBUG]   Included: org.codehaus.plexus:plexus-interpolation:jar:1.26
[DEBUG]   Included: org.codehaus.plexus:plexus-utils:jar:3.5.1
[DEBUG]   Included: org.apache.maven.shared:maven-filtering:jar:3.3.1
[DEBUG]   Included: org.sonatype.plexus:plexus-build-api:jar:0.0.7
[DEBUG]   Included: commons-io:commons-io:jar:2.11.0
[DEBUG]   Included: org.apache.commons:commons-lang3:jar:3.12.0
[DEBUG] Loading mojo org.apache.maven.plugins:maven-resources-plugin:3.3.1:resources from plugin realm ClassRealm[plugin>org.apache.maven.plugins:maven-resources-plugin:3.3.1, parent: jdk.internal.loader.ClassLoaders$AppClassLoader@c387f44]
[DEBUG] Configuring mojo execution 'org.apache.maven.plugins:maven-resources-plugin:3.3.1:resources:default-resources' with basic configurator -->
[DEBUG]   (f) addDefaultExcludes = true
[DEBUG]   (f) buildFilters = []
[DEBUG]   (s) delimiters = [@]
[DEBUG]   (f) encoding = UTF-8
[DEBUG]   (f) escapeWindowsPaths = true
[DEBUG]   (f) fileNameFiltering = false
[DEBUG]   (s) includeEmptyDirs = false
[DEBUG]   (s) outputDirectory = /Users/gowri/Documents/ENGINEERING/projects/NutriMind-AI/backend/target/classes
[DEBUG]   (s) overwrite = false
[DEBUG]   (f) project = MavenProject: com.forkcast:backend:0.0.1-SNAPSHOT @ /Users/gowri/Documents/ENGINEERING/projects/NutriMind-AI/backend/pom.xml
[DEBUG]   (f) propertiesEncoding = UTF-8
[DEBUG]   (s) resources = [Resource {targetPath: null, filtering: true, FileSet {directory: /Users/gowri/Documents/ENGINEERING/projects/NutriMind-AI/backend/src/main/resources, PatternSet [includes: {**/application*.yml, **/application*.yaml, **/application*.properties}, excludes: {}]}}, Resource {targetPath: null, filtering: false, FileSet {directory: /Users/gowri/Documents/ENGINEERING/projects/NutriMind-AI/backend/src/main/resources, PatternSet [includes: {}, excludes: {**/application*.yml, **/application*.yaml, **/application*.properties}]}}]
[DEBUG]   (f) session = org.apache.maven.execution.MavenSession@6cd64ee8
[DEBUG]   (f) skip = false
[DEBUG]   (f) supportMultiLineFiltering = false
[DEBUG]   (f) useBuildFilters = true
[DEBUG]   (s) useDefaultDelimiters = false
[DEBUG] -- end configuration --
[DEBUG] properties used:
[DEBUG] activemq.version: 6.1.8
[DEBUG] angus-mail.version: 2.0.5
[DEBUG] apple.awt.application.name: Launcher
[DEBUG] artemis.version: 2.40.0
[DEBUG] aspectj.version: 1.9.25.1
[DEBUG] assertj.version: 3.27.7
[DEBUG] awaitility.version: 4.2.2
[DEBUG] brave.version: 6.1.0
[DEBUG] build-helper-maven-plugin.version: 3.6.1
[DEBUG] byte-buddy.version: 1.17.8
[DEBUG] cache2k.version: 2.6.1.Final
[DEBUG] caffeine.version: 3.2.4
[DEBUG] cassandra-driver.version: 4.19.3
[DEBUG] classmate.version: 1.7.3
[DEBUG] classworlds.conf: /Users/gowri/.m2/wrapper/dists/apache-maven-3.9.16/56ba1f9f/bin/m2.conf
[DEBUG] commons-codec.version: 1.18.0
[DEBUG] commons-dbcp2.version: 2.13.0
[DEBUG] commons-lang3.version: 3.17.0
[DEBUG] commons-pool.version: 1.6
[DEBUG] commons-pool2.version: 2.12.1
[DEBUG] couchbase-client.version: 3.8.3
[DEBUG] crac.version: 1.5.0
[DEBUG] cyclonedx-maven-plugin.version: 2.9.1
[DEBUG] db2-jdbc.version: 12.1.4.0
[DEBUG] dependency-management-plugin.version: 1.1.7
[DEBUG] derby.version: 10.16.1.1
[DEBUG] ehcache3.version: 3.10.9
[DEBUG] elasticsearch-client.version: 8.18.8
[DEBUG] env.COLORTERM: truecolor
[DEBUG] env.COMMAND_MODE: unix2003
[DEBUG] env.FPATH: /opt/homebrew/share/zsh/site-functions:/opt/homebrew/share/zsh/site-functions:/usr/local/share/zsh/site-functions:/usr/share/zsh/site-functions:/usr/share/zsh/5.9/functions
[DEBUG] env.GIT_ASKPASS: /Applications/Visual Studio Code.app/Contents/Resources/app/extensions/git/dist/askpass.sh
[DEBUG] env.HOME: /Users/gowri
[DEBUG] env.HOMEBREW_CELLAR: /opt/homebrew/Cellar
[DEBUG] env.HOMEBREW_PREFIX: /opt/homebrew
[DEBUG] env.HOMEBREW_REPOSITORY: /opt/homebrew
[DEBUG] env.INFOPATH: /opt/homebrew/share/info:/opt/homebrew/share/info:
[DEBUG] env.JAVA_HOME: /Library/Java/JavaVirtualMachines/temurin-21.jdk/Contents/Home
[DEBUG] env.LANG: en_US.UTF-8
[DEBUG] env.LOGNAME: gowri
[DEBUG] env.MAVEN_CMD_LINE_ARGS:  clean compile -X
[DEBUG] env.MAVEN_PROJECTBASEDIR: /Users/gowri/Documents/ENGINEERING/projects/NutriMind-AI/backend
[DEBUG] env.MallocNanoZone: 0
[DEBUG] env.OLDPWD: /Users/gowri/Documents/ENGINEERING/projects/NutriMind-AI/backend
[DEBUG] env.PATH: /Library/Java/JavaVirtualMachines/temurin-21.jdk/Contents/Home/bin:/opt/homebrew/bin:/opt/homebrew/sbin:/usr/local/mysql/bin:/Library/Frameworks/Python.framework/Versions/3.11/bin:/usr/local/bin:/System/Cryptexes/App/usr/bin:/usr/bin:/bin:/usr/sbin:/sbin:/var/run/com.apple.security.cryptexd/codex.system/bootstrap/usr/local/bin:/var/run/com.apple.security.cryptexd/codex.system/bootstrap/usr/bin:/var/run/com.apple.security.cryptexd/codex.system/bootstrap/usr/appleinternal/bin:/Library/Java/JavaVirtualMachines/temurin-21.jdk/Contents/Home/bin:/Users/gowri/.vscode/extensions/vscjava.vscode-java-debug-0.59.0/bundled/scripts/noConfigScripts
[DEBUG] env.PWD: /Users/gowri/Documents/ENGINEERING/projects/NutriMind-AI/backend
[DEBUG] env.SHELL: /bin/zsh
[DEBUG] env.SHLVL: 1
[DEBUG] env.SSH_AUTH_SOCK: /private/tmp/com.apple.launchd.zwyIDKsD2l/Listeners
[DEBUG] env.TERM: xterm-256color
[DEBUG] env.TERM_PROGRAM: vscode
[DEBUG] env.TERM_PROGRAM_VERSION: 1.129.1
[DEBUG] env.TMPDIR: /var/folders/k5/ybkm2chn1w3d88y0nk94sbvm0000gn/T/
[DEBUG] env.USER: gowri
[DEBUG] env.USER_ZDOTDIR: /Users/gowri
[DEBUG] env.VSCODE_GIT_ASKPASS_EXTRA_ARGS: 
[DEBUG] env.VSCODE_GIT_ASKPASS_MAIN: /Applications/Visual Studio Code.app/Contents/Resources/app/extensions/git/dist/askpass-main.js
[DEBUG] env.VSCODE_GIT_ASKPASS_NODE: /Applications/Visual Studio Code.app/Contents/Frameworks/Code Helper (Plugin).app/Contents/MacOS/Code Helper (Plugin)
[DEBUG] env.VSCODE_GIT_IPC_HANDLE: /var/folders/k5/ybkm2chn1w3d88y0nk94sbvm0000gn/T/vscode-git-322a848f62.sock
[DEBUG] env.VSCODE_INJECTION: 1
[DEBUG] env.VSCODE_JAVA_EXEC: /Library/Java/JavaVirtualMachines/temurin-21.jdk/Contents/Home/bin/java
[DEBUG] env.VSCODE_JDWP_ADAPTER_ENDPOINTS: /Users/gowri/.vscode/extensions/vscjava.vscode-java-debug-0.59.0/.noConfigDebugAdapterEndpoints/endpoint-8fd195c6bd50ef2f.txt
[DEBUG] env.VSCODE_LOGIN_INITIALIZED: 1
[DEBUG] env.VSCODE_PROFILE_INITIALIZED: 1
[DEBUG] env.VSCODE_PYTHON_AUTOACTIVATE_GUARD: 1
[DEBUG] env.XPC_FLAGS: 0x0
[DEBUG] env.XPC_SERVICE_NAME: 0
[DEBUG] env.ZDOTDIR: /Users/gowri
[DEBUG] env.__CFBundleIdentifier: com.microsoft.VSCode
[DEBUG] env.__CF_USER_TEXT_ENCODING: 0x1F5:0x0:0x0
[DEBUG] file.encoding: UTF-8
[DEBUG] file.separator: /
[DEBUG] flyway.version: 11.7.2
[DEBUG] freemarker.version: 2.3.34
[DEBUG] ftp.nonProxyHosts: local|*.local|169.254/16|*.169.254/16
[DEBUG] git-commit-id-maven-plugin.version: 9.0.2
[DEBUG] glassfish-jaxb.version: 4.0.9
[DEBUG] glassfish-jstl.version: 3.0.1
[DEBUG] graphql-java.version: 24.3
[DEBUG] groovy.version: 4.0.32
[DEBUG] gson.version: 2.13.2
[DEBUG] h2.version: 2.3.232
[DEBUG] hamcrest.version: 3.0
[DEBUG] hazelcast.version: 5.5.0
[DEBUG] hibernate-validator.version: 8.0.3.Final
[DEBUG] hibernate.version: 6.6.53.Final
[DEBUG] hikaricp.version: 6.3.3
[DEBUG] hsqldb.version: 2.7.3
[DEBUG] htmlunit.version: 4.11.1
[DEBUG] http.nonProxyHosts: local|*.local|169.254/16|*.169.254/16
[DEBUG] httpasyncclient.version: 4.1.5
[DEBUG] httpclient5.version: 5.5.2
[DEBUG] httpcore.version: 4.4.16
[DEBUG] httpcore5.version: 5.3.6
[DEBUG] infinispan.version: 15.2.6.Final
[DEBUG] influxdb-java.version: 2.25
[DEBUG] jackson-bom.version: 2.21.4
[DEBUG] jakarta-activation.version: 2.1.4
[DEBUG] jakarta-annotation.version: 2.1.1
[DEBUG] jakarta-inject.version: 2.0.1
[DEBUG] jakarta-jms.version: 3.1.0
[DEBUG] jakarta-json-bind.version: 3.0.2
[DEBUG] jakarta-json.version: 2.1.3
[DEBUG] jakarta-mail.version: 2.1.5
[DEBUG] jakarta-management.version: 1.1.4
[DEBUG] jakarta-persistence.version: 3.1.0
[DEBUG] jakarta-servlet-jsp-jstl.version: 3.0.2
[DEBUG] jakarta-servlet.version: 6.0.0
[DEBUG] jakarta-transaction.version: 2.0.1
[DEBUG] jakarta-validation.version: 3.0.2
[DEBUG] jakarta-websocket.version: 2.1.1
[DEBUG] jakarta-ws-rs.version: 3.1.0
[DEBUG] jakarta-xml-bind.version: 4.0.5
[DEBUG] jakarta-xml-soap.version: 3.0.2
[DEBUG] jakarta-xml-ws.version: 4.0.3
[DEBUG] janino.version: 3.1.12
[DEBUG] java.class.path: /Users/gowri/.m2/wrapper/dists/apache-maven-3.9.16/56ba1f9f/boot/plexus-classworlds-2.11.0.jar
[DEBUG] java.class.version: 65.0
[DEBUG] java.home: /Library/Java/JavaVirtualMachines/temurin-21.jdk/Contents/Home
[DEBUG] java.io.tmpdir: /var/folders/k5/ybkm2chn1w3d88y0nk94sbvm0000gn/T/
[DEBUG] java.library.path: /Users/gowri/Library/Java/Extensions:/Library/Java/Extensions:/Network/Library/Java/Extensions:/System/Library/Java/Extensions:/usr/lib/java:.
[DEBUG] java.runtime.name: OpenJDK Runtime Environment
[DEBUG] java.runtime.version: 21.0.11+10-LTS
[DEBUG] java.specification.name: Java Platform API Specification
[DEBUG] java.specification.vendor: Oracle Corporation
[DEBUG] java.specification.version: 21
[DEBUG] java.vendor: Eclipse Adoptium
[DEBUG] java.vendor.url: https://adoptium.net/
[DEBUG] java.vendor.url.bug: https://github.com/adoptium/adoptium-support/issues
[DEBUG] java.vendor.version: Temurin-21.0.11+10
[DEBUG] java.version: 21.0.11
[DEBUG] java.version.date: 2026-04-21
[DEBUG] java.vm.compressedOopsMode: Zero based
[DEBUG] java.vm.info: mixed mode, sharing
[DEBUG] java.vm.name: OpenJDK 64-Bit Server VM
[DEBUG] java.vm.specification.name: Java Virtual Machine Specification
[DEBUG] java.vm.specification.vendor: Oracle Corporation
[DEBUG] java.vm.specification.version: 21
[DEBUG] java.vm.vendor: Eclipse Adoptium
[DEBUG] java.vm.version: 21.0.11+10-LTS
[DEBUG] javax-cache.version: 1.1.1
[DEBUG] javax-money.version: 1.1
[DEBUG] jaxen.version: 2.0.6
[DEBUG] jaybird.version: 6.0.5
[DEBUG] jboss-logging.version: 3.6.3.Final
[DEBUG] jdk.debug: release
[DEBUG] jdom2.version: 2.0.6.1
[DEBUG] jedis.version: 6.0.0
[DEBUG] jersey.version: 3.1.11
[DEBUG] jetty-reactive-httpclient.version: 4.0.14
[DEBUG] jetty.version: 12.0.36
[DEBUG] jmustache.version: 1.16
[DEBUG] jooq.version: 3.19.35
[DEBUG] json-path.version: 2.9.0
[DEBUG] json-smart.version: 2.5.2
[DEBUG] jsonassert.version: 1.5.3
[DEBUG] jtds.version: 1.3.1
[DEBUG] junit-jupiter.version: 5.12.2
[DEBUG] junit.version: 4.13.2
[DEBUG] kafka.version: 3.9.2
[DEBUG] kotlin-coroutines.version: 1.8.1
[DEBUG] kotlin-serialization.version: 1.6.3
[DEBUG] kotlin.version: 1.9.25
[DEBUG] lettuce.version: 6.6.0.RELEASE
[DEBUG] library.jansi.path: /Users/gowri/.m2/wrapper/dists/apache-maven-3.9.16/56ba1f9f/lib/jansi-native
[DEBUG] line.separator: 

[DEBUG] liquibase.version: 4.31.1
[DEBUG] log4j2.version: 2.24.3
[DEBUG] logback.version: 1.5.34
[DEBUG] lombok.version: 1.18.46
[DEBUG] mariadb.version: 3.5.8
[DEBUG] maven-antrun-plugin.version: 3.1.0
[DEBUG] maven-assembly-plugin.version: 3.7.1
[DEBUG] maven-clean-plugin.version: 3.4.1
[DEBUG] maven-compiler-plugin.version: 3.14.1
[DEBUG] maven-dependency-plugin.version: 3.8.1
[DEBUG] maven-deploy-plugin.version: 3.1.4
[DEBUG] maven-enforcer-plugin.version: 3.5.0
[DEBUG] maven-failsafe-plugin.version: 3.5.6
[DEBUG] maven-help-plugin.version: 3.5.1
[DEBUG] maven-install-plugin.version: 3.1.4
[DEBUG] maven-invoker-plugin.version: 3.9.1
[DEBUG] maven-jar-plugin.version: 3.4.2
[DEBUG] maven-javadoc-plugin.version: 3.11.3
[DEBUG] maven-resources-plugin.version: 3.3.1
[DEBUG] maven-shade-plugin.version: 3.6.2
[DEBUG] maven-source-plugin.version: 3.3.1
[DEBUG] maven-surefire-plugin.version: 3.5.6
[DEBUG] maven-war-plugin.version: 3.4.0
[DEBUG] maven.build.timestamp: 2026-07-27T05:05:38Z
[DEBUG] maven.build.version: Apache Maven 3.9.16 (2bdd9fddda4b155ebf8000e807eb73fd829a51d5)
[DEBUG] maven.compiler.release: 21
[DEBUG] maven.conf: /Users/gowri/.m2/wrapper/dists/apache-maven-3.9.16/56ba1f9f/conf
[DEBUG] maven.home: /Users/gowri/.m2/wrapper/dists/apache-maven-3.9.16/56ba1f9f
[DEBUG] maven.multiModuleProjectDirectory: /Users/gowri/Documents/ENGINEERING/projects/NutriMind-AI/backend
[DEBUG] maven.version: 3.9.16
[DEBUG] micrometer-tracing.version: 1.5.12
[DEBUG] micrometer.version: 1.15.12
[DEBUG] mockito.version: 5.17.0
[DEBUG] mongodb.version: 5.5.2
[DEBUG] mssql-jdbc.version: 12.10.2.jre11
[DEBUG] mysql.version: 9.7.0
[DEBUG] native-build-tools-plugin.version: 0.10.6
[DEBUG] native.encoding: UTF-8
[DEBUG] nekohtml.version: 1.9.22
[DEBUG] neo4j-java-driver.version: 5.28.13
[DEBUG] netty.version: 4.1.135.Final
[DEBUG] opentelemetry.version: 1.49.0
[DEBUG] oracle-database.version: 23.7.0.25.01
[DEBUG] oracle-r2dbc.version: 1.3.0
[DEBUG] os.arch: aarch64
[DEBUG] os.name: Mac OS X
[DEBUG] os.version: 15.7.5
[DEBUG] path.separator: :
[DEBUG] pooled-jms.version: 3.1.9
[DEBUG] postgresql.version: 42.7.11
[DEBUG] project.baseUri: file:/Users/gowri/Documents/ENGINEERING/projects/NutriMind-AI/backend/
[DEBUG] project.build.sourceEncoding: UTF-8
[DEBUG] project.reporting.outputEncoding: UTF-8
[DEBUG] prometheus-client.version: 1.3.10
[DEBUG] prometheus-simpleclient.version: 0.16.0
[DEBUG] pulsar-reactive.version: 0.6.0
[DEBUG] pulsar.version: 4.0.11
[DEBUG] quartz.version: 2.5.2
[DEBUG] querydsl.version: 5.1.0
[DEBUG] r2dbc-h2.version: 1.0.1.RELEASE
[DEBUG] r2dbc-mariadb.version: 1.3.0
[DEBUG] r2dbc-mssql.version: 1.0.4.RELEASE
[DEBUG] r2dbc-mysql.version: 1.4.2
[DEBUG] r2dbc-pool.version: 1.0.2.RELEASE
[DEBUG] r2dbc-postgresql.version: 1.0.9.RELEASE
[DEBUG] r2dbc-proxy.version: 1.1.6.RELEASE
[DEBUG] r2dbc-spi.version: 1.0.0.RELEASE
[DEBUG] rabbit-amqp-client.version: 5.25.0
[DEBUG] rabbit-stream-client.version: 0.23.0
[DEBUG] reactive-streams.version: 1.0.4
[DEBUG] reactor-bom.version: 2024.0.18
[DEBUG] resource.delimiter: @
[DEBUG] rest-assured.version: 5.5.7
[DEBUG] rsocket.version: 1.1.5
[DEBUG] rxjava3.version: 3.1.12
[DEBUG] saaj-impl.version: 3.0.6
[DEBUG] selenium-htmlunit.version: 4.30.0
[DEBUG] selenium.version: 4.31.0
[DEBUG] sendgrid.version: 4.10.3
[DEBUG] slf4j.version: 2.0.18
[DEBUG] snakeyaml.version: 2.4
[DEBUG] socksNonProxyHosts: local|*.local|169.254/16|*.169.254/16
[DEBUG] spring-amqp.version: 3.2.12
[DEBUG] spring-authorization-server.version: 1.5.8
[DEBUG] spring-batch.version: 5.2.6
[DEBUG] spring-boot.run.main-class: ${start-class}
[DEBUG] spring-data-bom.version: 2025.0.13
[DEBUG] spring-framework.version: 6.2.19
[DEBUG] spring-graphql.version: 1.4.6
[DEBUG] spring-hateoas.version: 2.5.3
[DEBUG] spring-integration.version: 6.5.10
[DEBUG] spring-kafka.version: 3.3.16
[DEBUG] spring-ldap.version: 3.3.8
[DEBUG] spring-pulsar.version: 1.2.18
[DEBUG] spring-restdocs.version: 3.0.6
[DEBUG] spring-retry.version: 2.0.13
[DEBUG] spring-security.version: 6.5.11
[DEBUG] spring-session.version: 3.5.7
[DEBUG] spring-ws.version: 4.1.4
[DEBUG] sqlite-jdbc.version: 3.49.1.0
[DEBUG] stderr.encoding: UTF-8
[DEBUG] stdout.encoding: UTF-8
[DEBUG] sun.arch.data.model: 64
[DEBUG] sun.boot.library.path: /Library/Java/JavaVirtualMachines/temurin-21.jdk/Contents/Home/lib
[DEBUG] sun.cpu.endian: little
[DEBUG] sun.io.unicode.encoding: UnicodeBig
[DEBUG] sun.java.command: org.codehaus.plexus.classworlds.launcher.Launcher clean compile -X
[DEBUG] sun.java.launcher: SUN_STANDARD
[DEBUG] sun.jnu.encoding: UTF-8
[DEBUG] sun.management.compiler: HotSpot 64-Bit Tiered Compilers
[DEBUG] testcontainers-redis-module.version: 2.2.4
[DEBUG] testcontainers.version: 1.21.4
[DEBUG] thymeleaf-extras-data-attribute.version: 2.0.1
[DEBUG] thymeleaf-extras-springsecurity.version: 3.1.5.RELEASE
[DEBUG] thymeleaf-layout-dialect.version: 3.4.0
[DEBUG] thymeleaf.version: 3.1.5.RELEASE
[DEBUG] tomcat.version: 10.1.55
[DEBUG] unboundid-ldapsdk.version: 7.0.4
[DEBUG] undertow.version: 2.3.24.Final
[DEBUG] user.country: IN
[DEBUG] user.dir: /Users/gowri/Documents/ENGINEERING/projects/NutriMind-AI/backend
[DEBUG] user.home: /Users/gowri
[DEBUG] user.language: en
[DEBUG] user.name: gowri
[DEBUG] versions-maven-plugin.version: 2.18.0
[DEBUG] vibur.version: 26.0
[DEBUG] webjars-locator-core.version: 0.59
[DEBUG] webjars-locator-lite.version: 1.1.3
[DEBUG] wsdl4j.version: 1.6.3
[DEBUG] xml-maven-plugin.version: 1.1.0
[DEBUG] xmlunit2.version: 2.10.4
[DEBUG] yasson.version: 3.0.4
[DEBUG] zipkin-reporter.version: 3.5.3
[DEBUG] Using 'UTF-8' encoding to copy filtered resources.
[DEBUG] Using 'UTF-8' encoding to copy filtered properties files.
[DEBUG] resource with targetPath null
directory /Users/gowri/Documents/ENGINEERING/projects/NutriMind-AI/backend/src/main/resources
excludes []
includes [**/application*.yml, **/application*.yaml, **/application*.properties]
[DEBUG] ignoreDelta true
[INFO] Copying 1 resource from src/main/resources to target/classes
[DEBUG] Copying file application.yaml
[DEBUG] file application.yaml has a filtered file extension
[DEBUG] Using 'UTF-8' encoding to copy filtered resource 'application.yaml'.
[DEBUG] filtering /Users/gowri/Documents/ENGINEERING/projects/NutriMind-AI/backend/src/main/resources/application.yaml to /Users/gowri/Documents/ENGINEERING/projects/NutriMind-AI/backend/target/classes/application.yaml
[DEBUG] resource with targetPath null
directory /Users/gowri/Documents/ENGINEERING/projects/NutriMind-AI/backend/src/main/resources
excludes [**/application*.yml, **/application*.yaml, **/application*.properties]
includes []
[DEBUG] ignoreDelta true
[INFO] Copying 0 resource from src/main/resources to target/classes
[DEBUG] no user filter components
[INFO] 
[INFO] --- compiler:3.14.1:compile (default-compile) @ backend ---
[DEBUG] Using mirror maven-default-http-blocker (http://0.0.0.0/) for apache.snapshots (http://repository.apache.org/snapshots).
[DEBUG] Dependency collection stats {ConflictMarker.analyzeTime=32750, ConflictMarker.markTime=27166, ConflictMarker.nodeCount=23, ConflictIdSorter.graphTime=15250, ConflictIdSorter.topsortTime=14625, ConflictIdSorter.conflictIdCount=14, ConflictIdSorter.conflictIdCycleCount=0, ConflictResolver.totalTime=204833, ConflictResolver.conflictItemCount=23, DfDependencyCollector.collectTime=31042917, DfDependencyCollector.transformTime=310500}
[DEBUG] org.apache.maven.plugins:maven-compiler-plugin:jar:3.14.1
[DEBUG]    org.ow2.asm:asm:jar:9.8:compile
[DEBUG]    org.apache.maven.shared:maven-shared-utils:jar:3.4.2:compile
[DEBUG]       org.slf4j:slf4j-api:jar:1.7.36:compile
[DEBUG]       commons-io:commons-io:jar:2.11.0:compile
[DEBUG]    org.apache.maven.shared:maven-shared-incremental:jar:1.1:compile
[DEBUG]    org.codehaus.plexus:plexus-java:jar:1.5.0:compile
[DEBUG]       com.thoughtworks.qdox:qdox:jar:2.2.0:compile
[DEBUG]    org.codehaus.plexus:plexus-compiler-api:jar:2.15.0:compile
[DEBUG]    org.codehaus.plexus:plexus-compiler-manager:jar:2.15.0:compile
[DEBUG]       javax.inject:javax.inject:jar:1:compile
[DEBUG]       org.codehaus.plexus:plexus-xml:jar:3.0.1:compile (version managed from default)
[DEBUG]    org.codehaus.plexus:plexus-compiler-javac:jar:2.15.0:runtime
[DEBUG]    org.codehaus.plexus:plexus-utils:jar:4.0.2:compile
[DEBUG] Created new class realm plugin>org.apache.maven.plugins:maven-compiler-plugin:3.14.1
[DEBUG] Importing foreign packages into class realm plugin>org.apache.maven.plugins:maven-compiler-plugin:3.14.1
[DEBUG]   Imported:  < maven.api
[DEBUG] Populating class realm plugin>org.apache.maven.plugins:maven-compiler-plugin:3.14.1
[DEBUG]   Included: org.apache.maven.plugins:maven-compiler-plugin:jar:3.14.1
[DEBUG]   Included: org.ow2.asm:asm:jar:9.8
[DEBUG]   Included: org.apache.maven.shared:maven-shared-utils:jar:3.4.2
[DEBUG]   Included: commons-io:commons-io:jar:2.11.0
[DEBUG]   Included: org.apache.maven.shared:maven-shared-incremental:jar:1.1
[DEBUG]   Included: org.codehaus.plexus:plexus-java:jar:1.5.0
[DEBUG]   Included: com.thoughtworks.qdox:qdox:jar:2.2.0
[DEBUG]   Included: org.codehaus.plexus:plexus-compiler-api:jar:2.15.0
[DEBUG]   Included: org.codehaus.plexus:plexus-compiler-manager:jar:2.15.0
[DEBUG]   Included: org.codehaus.plexus:plexus-xml:jar:3.0.1
[DEBUG]   Included: org.codehaus.plexus:plexus-compiler-javac:jar:2.15.0
[DEBUG]   Included: org.codehaus.plexus:plexus-utils:jar:4.0.2
[DEBUG] Loading mojo org.apache.maven.plugins:maven-compiler-plugin:3.14.1:compile from plugin realm ClassRealm[plugin>org.apache.maven.plugins:maven-compiler-plugin:3.14.1, parent: jdk.internal.loader.ClassLoaders$AppClassLoader@c387f44]
[DEBUG] Configuring mojo execution 'org.apache.maven.plugins:maven-compiler-plugin:3.14.1:compile:default-compile' with basic configurator -->
[DEBUG]   (s) groupId = org.projectlombok
[DEBUG]   (s) artifactId = lombok
[DEBUG]   (f) annotationProcessorPaths = [org.projectlombok:lombok.jar]
[DEBUG]   (f) annotationProcessorPathsUseDepMgmt = false
[DEBUG]   (f) basedir = /Users/gowri/Documents/ENGINEERING/projects/NutriMind-AI/backend
[DEBUG]   (f) buildDirectory = /Users/gowri/Documents/ENGINEERING/projects/NutriMind-AI/backend/target
[DEBUG]   (f) compilePath = [/Users/gowri/Documents/ENGINEERING/projects/NutriMind-AI/backend/target/classes, /Users/gowri/.m2/repository/org/springframework/boot/spring-boot-starter-data-jpa/3.5.16/spring-boot-starter-data-jpa-3.5.16.jar, /Users/gowri/.m2/repository/org/springframework/boot/spring-boot-starter/3.5.16/spring-boot-starter-3.5.16.jar, /Users/gowri/.m2/repository/org/springframework/boot/spring-boot-starter-logging/3.5.16/spring-boot-starter-logging-3.5.16.jar, /Users/gowri/.m2/repository/ch/qos/logback/logback-classic/1.5.34/logback-classic-1.5.34.jar, /Users/gowri/.m2/repository/ch/qos/logback/logback-core/1.5.34/logback-core-1.5.34.jar, /Users/gowri/.m2/repository/org/apache/logging/log4j/log4j-to-slf4j/2.24.3/log4j-to-slf4j-2.24.3.jar, /Users/gowri/.m2/repository/org/apache/logging/log4j/log4j-api/2.24.3/log4j-api-2.24.3.jar, /Users/gowri/.m2/repository/org/slf4j/jul-to-slf4j/2.0.18/jul-to-slf4j-2.0.18.jar, /Users/gowri/.m2/repository/jakarta/annotation/jakarta.annotation-api/2.1.1/jakarta.annotation-api-2.1.1.jar, /Users/gowri/.m2/repository/org/yaml/snakeyaml/2.4/snakeyaml-2.4.jar, /Users/gowri/.m2/repository/org/springframework/boot/spring-boot-starter-jdbc/3.5.16/spring-boot-starter-jdbc-3.5.16.jar, /Users/gowri/.m2/repository/com/zaxxer/HikariCP/6.3.3/HikariCP-6.3.3.jar, /Users/gowri/.m2/repository/org/springframework/spring-jdbc/6.2.19/spring-jdbc-6.2.19.jar, /Users/gowri/.m2/repository/org/hibernate/orm/hibernate-core/6.6.53.Final/hibernate-core-6.6.53.Final.jar, /Users/gowri/.m2/repository/jakarta/persistence/jakarta.persistence-api/3.1.0/jakarta.persistence-api-3.1.0.jar, /Users/gowri/.m2/repository/jakarta/transaction/jakarta.transaction-api/2.0.1/jakarta.transaction-api-2.0.1.jar, /Users/gowri/.m2/repository/org/jboss/logging/jboss-logging/3.6.3.Final/jboss-logging-3.6.3.Final.jar, /Users/gowri/.m2/repository/com/fasterxml/classmate/1.7.3/classmate-1.7.3.jar, /Users/gowri/.m2/repository/org/antlr/antlr4-runtime/4.13.2/antlr4-runtime-4.13.2.jar, /Users/gowri/.m2/repository/org/springframework/data/spring-data-jpa/3.5.13/spring-data-jpa-3.5.13.jar, /Users/gowri/.m2/repository/org/springframework/data/spring-data-commons/3.5.13/spring-data-commons-3.5.13.jar, /Users/gowri/.m2/repository/org/springframework/spring-orm/6.2.19/spring-orm-6.2.19.jar, /Users/gowri/.m2/repository/org/springframework/spring-context/6.2.19/spring-context-6.2.19.jar, /Users/gowri/.m2/repository/org/springframework/spring-tx/6.2.19/spring-tx-6.2.19.jar, /Users/gowri/.m2/repository/org/springframework/spring-beans/6.2.19/spring-beans-6.2.19.jar, /Users/gowri/.m2/repository/org/slf4j/slf4j-api/2.0.18/slf4j-api-2.0.18.jar, /Users/gowri/.m2/repository/org/springframework/spring-aspects/6.2.19/spring-aspects-6.2.19.jar, /Users/gowri/.m2/repository/org/aspectj/aspectjweaver/1.9.25.1/aspectjweaver-1.9.25.1.jar, /Users/gowri/.m2/repository/org/springframework/boot/spring-boot-starter-security/3.5.16/spring-boot-starter-security-3.5.16.jar, /Users/gowri/.m2/repository/org/springframework/spring-aop/6.2.19/spring-aop-6.2.19.jar, /Users/gowri/.m2/repository/org/springframework/security/spring-security-config/6.5.11/spring-security-config-6.5.11.jar, /Users/gowri/.m2/repository/org/springframework/security/spring-security-web/6.5.11/spring-security-web-6.5.11.jar, /Users/gowri/.m2/repository/org/springframework/spring-expression/6.2.19/spring-expression-6.2.19.jar, /Users/gowri/.m2/repository/org/springframework/boot/spring-boot-starter-validation/3.5.16/spring-boot-starter-validation-3.5.16.jar, /Users/gowri/.m2/repository/org/apache/tomcat/embed/tomcat-embed-el/10.1.55/tomcat-embed-el-10.1.55.jar, /Users/gowri/.m2/repository/org/hibernate/validator/hibernate-validator/8.0.3.Final/hibernate-validator-8.0.3.Final.jar, /Users/gowri/.m2/repository/jakarta/validation/jakarta.validation-api/3.0.2/jakarta.validation-api-3.0.2.jar, /Users/gowri/.m2/repository/org/springframework/boot/spring-boot-starter-web/3.5.16/spring-boot-starter-web-3.5.16.jar, /Users/gowri/.m2/repository/org/springframework/boot/spring-boot-starter-json/3.5.16/spring-boot-starter-json-3.5.16.jar, /Users/gowri/.m2/repository/com/fasterxml/jackson/datatype/jackson-datatype-jdk8/2.21.4/jackson-datatype-jdk8-2.21.4.jar, /Users/gowri/.m2/repository/com/fasterxml/jackson/datatype/jackson-datatype-jsr310/2.21.4/jackson-datatype-jsr310-2.21.4.jar, /Users/gowri/.m2/repository/com/fasterxml/jackson/module/jackson-module-parameter-names/2.21.4/jackson-module-parameter-names-2.21.4.jar, /Users/gowri/.m2/repository/org/springframework/boot/spring-boot-starter-tomcat/3.5.16/spring-boot-starter-tomcat-3.5.16.jar, /Users/gowri/.m2/repository/org/apache/tomcat/embed/tomcat-embed-core/10.1.55/tomcat-embed-core-10.1.55.jar, /Users/gowri/.m2/repository/org/apache/tomcat/embed/tomcat-embed-websocket/10.1.55/tomcat-embed-websocket-10.1.55.jar, /Users/gowri/.m2/repository/org/springframework/spring-web/6.2.19/spring-web-6.2.19.jar, /Users/gowri/.m2/repository/io/micrometer/micrometer-observation/1.15.12/micrometer-observation-1.15.12.jar, /Users/gowri/.m2/repository/io/micrometer/micrometer-commons/1.15.12/micrometer-commons-1.15.12.jar, /Users/gowri/.m2/repository/org/springframework/spring-webmvc/6.2.19/spring-webmvc-6.2.19.jar, /Users/gowri/.m2/repository/org/springframework/boot/spring-boot/3.5.16/spring-boot-3.5.16.jar, /Users/gowri/.m2/repository/org/springframework/boot/spring-boot-autoconfigure/3.5.16/spring-boot-autoconfigure-3.5.16.jar, /Users/gowri/.m2/repository/org/projectlombok/lombok/1.18.46/lombok-1.18.46.jar, /Users/gowri/.m2/repository/org/springframework/spring-core/6.2.19/spring-core-6.2.19.jar, /Users/gowri/.m2/repository/org/springframework/spring-jcl/6.2.19/spring-jcl-6.2.19.jar, /Users/gowri/.m2/repository/org/springframework/security/spring-security-core/6.5.11/spring-security-core-6.5.11.jar, /Users/gowri/.m2/repository/org/springframework/security/spring-security-crypto/6.5.11/spring-security-crypto-6.5.11.jar, /Users/gowri/.m2/repository/io/jsonwebtoken/jjwt-api/0.12.7/jjwt-api-0.12.7.jar, /Users/gowri/.m2/repository/com/fasterxml/jackson/core/jackson-databind/2.21.4/jackson-databind-2.21.4.jar, /Users/gowri/.m2/repository/com/fasterxml/jackson/core/jackson-annotations/2.21/jackson-annotations-2.21.jar, /Users/gowri/.m2/repository/com/fasterxml/jackson/core/jackson-core/2.21.4/jackson-core-2.21.4.jar]
[DEBUG]   (f) compileSourceRoots = [/Users/gowri/Documents/ENGINEERING/projects/NutriMind-AI/backend/src/main/java]
[DEBUG]   (f) compilerId = javac
[DEBUG]   (f) createMissingPackageInfoClass = true
[DEBUG]   (f) debug = true
[DEBUG]   (f) debugFileName = javac
[DEBUG]   (f) enablePreview = false
[DEBUG]   (f) encoding = UTF-8
[DEBUG]   (f) failOnError = true
[DEBUG]   (f) failOnWarning = false
[DEBUG]   (f) fileExtensions = [jar, class]
[DEBUG]   (f) forceJavacCompilerUse = false
[DEBUG]   (f) forceLegacyJavacApi = false
[DEBUG]   (f) fork = false
[DEBUG]   (f) generatedSourcesDirectory = /Users/gowri/Documents/ENGINEERING/projects/NutriMind-AI/backend/target/generated-sources/annotations
[DEBUG]   (f) moduleVersion = 0.0.1-SNAPSHOT
[DEBUG]   (f) mojoExecution = org.apache.maven.plugins:maven-compiler-plugin:3.14.1:compile {execution: default-compile}
[DEBUG]   (f) optimize = false
[DEBUG]   (f) outputDirectory = /Users/gowri/Documents/ENGINEERING/projects/NutriMind-AI/backend/target/classes
[DEBUG]   (f) parameters = true
[DEBUG]   (f) project = MavenProject: com.forkcast:backend:0.0.1-SNAPSHOT @ /Users/gowri/Documents/ENGINEERING/projects/NutriMind-AI/backend/pom.xml
[DEBUG]   (f) projectArtifact = com.forkcast:backend:jar:0.0.1-SNAPSHOT
[DEBUG]   (s) release = 21
[DEBUG]   (f) session = org.apache.maven.execution.MavenSession@6cd64ee8
[DEBUG]   (f) showCompilationChanges = false
[DEBUG]   (f) showDeprecation = false
[DEBUG]   (f) showWarnings = true
[DEBUG]   (f) skipMultiThreadWarning = false
[DEBUG]   (f) source = 1.8
[DEBUG]   (f) staleMillis = 0
[DEBUG]   (s) target = 1.8
[DEBUG]   (f) useIncrementalCompilation = true
[DEBUG]   (f) useModuleVersion = true
[DEBUG]   (f) verbose = false
[DEBUG] -- end configuration --
[DEBUG] Using compiler 'javac'.
[DEBUG] Dependency collection stats {ConflictMarker.analyzeTime=54667, ConflictMarker.markTime=16458, ConflictMarker.nodeCount=2, ConflictIdSorter.graphTime=2666, ConflictIdSorter.topsortTime=6417, ConflictIdSorter.conflictIdCount=1, ConflictIdSorter.conflictIdCycleCount=0, ConflictResolver.totalTime=52458, ConflictResolver.conflictItemCount=1, DfDependencyCollector.collectTime=1382208, DfDependencyCollector.transformTime=145125}
[DEBUG] CompilerReuseStrategy: reuseCreated
[DEBUG] useIncrementalCompilation enabled
[INFO] 	Stale source detected: /Users/gowri/Documents/ENGINEERING/projects/NutriMind-AI/backend/src/main/java/com/forkcast/backend/dto/LoginResponse.java
[INFO] 	Stale source detected: /Users/gowri/Documents/ENGINEERING/projects/NutriMind-AI/backend/src/main/java/com/forkcast/backend/service/JwtService.java
[INFO] 	Stale source detected: /Users/gowri/Documents/ENGINEERING/projects/NutriMind-AI/backend/src/main/java/com/forkcast/backend/dto/RegisterRequest.java
[INFO] 	Stale source detected: /Users/gowri/Documents/ENGINEERING/projects/NutriMind-AI/backend/src/main/java/com/forkcast/backend/entity/Recipe.java
[INFO] 	Stale source detected: /Users/gowri/Documents/ENGINEERING/projects/NutriMind-AI/backend/src/main/java/com/forkcast/backend/service/RecipeService.java
[INFO] 	Stale source detected: /Users/gowri/Documents/ENGINEERING/projects/NutriMind-AI/backend/src/main/java/com/forkcast/backend/enums/Difficulty.java
[INFO] 	Stale source detected: /Users/gowri/Documents/ENGINEERING/projects/NutriMind-AI/backend/src/main/java/com/forkcast/backend/controller/UserController.java
[INFO] 	Stale source detected: /Users/gowri/Documents/ENGINEERING/projects/NutriMind-AI/backend/src/main/java/com/forkcast/backend/controller/RecommendationController.java
[INFO] 	Stale source detected: /Users/gowri/Documents/ENGINEERING/projects/NutriMind-AI/backend/src/main/java/com/forkcast/backend/exception/package-info.java
[INFO] 	Stale source detected: /Users/gowri/Documents/ENGINEERING/projects/NutriMind-AI/backend/src/main/java/com/forkcast/backend/dto/RecommendationResponse.java
[INFO] 	Stale source detected: /Users/gowri/Documents/ENGINEERING/projects/NutriMind-AI/backend/src/main/java/com/forkcast/backend/enums/DietType.java
[INFO] 	Stale source detected: /Users/gowri/Documents/ENGINEERING/projects/NutriMind-AI/backend/src/main/java/com/forkcast/backend/service/RecommendationService.java
[INFO] 	Stale source detected: /Users/gowri/Documents/ENGINEERING/projects/NutriMind-AI/backend/src/main/java/com/forkcast/backend/dto/LoginRequest.java
[INFO] 	Stale source detected: /Users/gowri/Documents/ENGINEERING/projects/NutriMind-AI/backend/src/main/java/com/forkcast/backend/enums/MealType.java
[INFO] 	Stale source detected: /Users/gowri/Documents/ENGINEERING/projects/NutriMind-AI/backend/src/main/java/com/forkcast/backend/repository/RecipeRepository.java
[INFO] 	Stale source detected: /Users/gowri/Documents/ENGINEERING/projects/NutriMind-AI/backend/src/main/java/com/forkcast/backend/entity/package-info.java
[INFO] 	Stale source detected: /Users/gowri/Documents/ENGINEERING/projects/NutriMind-AI/backend/src/main/java/com/forkcast/backend/controller/package-info.java
[INFO] 	Stale source detected: /Users/gowri/Documents/ENGINEERING/projects/NutriMind-AI/backend/src/main/java/com/forkcast/backend/BackendApplication.java
[INFO] 	Stale source detected: /Users/gowri/Documents/ENGINEERING/projects/NutriMind-AI/backend/src/main/java/com/forkcast/backend/dto/package-info.java
[INFO] 	Stale source detected: /Users/gowri/Documents/ENGINEERING/projects/NutriMind-AI/backend/src/main/java/com/forkcast/backend/service/UserService.java
[INFO] 	Stale source detected: /Users/gowri/Documents/ENGINEERING/projects/NutriMind-AI/backend/src/main/java/com/forkcast/backend/config/package-info.java
[INFO] 	Stale source detected: /Users/gowri/Documents/ENGINEERING/projects/NutriMind-AI/backend/src/main/java/com/forkcast/backend/config/SecurityConfig.java
[INFO] 	Stale source detected: /Users/gowri/Documents/ENGINEERING/projects/NutriMind-AI/backend/src/main/java/com/forkcast/backend/entity/User.java
[INFO] 	Stale source detected: /Users/gowri/Documents/ENGINEERING/projects/NutriMind-AI/backend/src/main/java/com/forkcast/backend/security/package-info.java
[INFO] 	Stale source detected: /Users/gowri/Documents/ENGINEERING/projects/NutriMind-AI/backend/src/main/java/com/forkcast/backend/repository/package-info.java
[INFO] 	Stale source detected: /Users/gowri/Documents/ENGINEERING/projects/NutriMind-AI/backend/src/main/java/com/forkcast/backend/service/package-info.java
[INFO] 	Stale source detected: /Users/gowri/Documents/ENGINEERING/projects/NutriMind-AI/backend/src/main/java/com/forkcast/backend/dto/RecommendationRequest.java
[INFO] 	Stale source detected: /Users/gowri/Documents/ENGINEERING/projects/NutriMind-AI/backend/src/main/java/com/forkcast/backend/util/package-info.java
[INFO] 	Stale source detected: /Users/gowri/Documents/ENGINEERING/projects/NutriMind-AI/backend/src/main/java/com/forkcast/backend/enums/EstimatedCost.java
[INFO] 	Stale source detected: /Users/gowri/Documents/ENGINEERING/projects/NutriMind-AI/backend/src/main/java/com/forkcast/backend/repository/UserRepository.java
[INFO] 	Input tree files (+): /Users/gowri/Documents/ENGINEERING/projects/NutriMind-AI/backend/src/main/java/com/forkcast/backend/BackendApplication.java
[INFO] 	Input tree files (+): /Users/gowri/Documents/ENGINEERING/projects/NutriMind-AI/backend/src/main/java/com/forkcast/backend/config/SecurityConfig.java
[INFO] 	Input tree files (+): /Users/gowri/Documents/ENGINEERING/projects/NutriMind-AI/backend/src/main/java/com/forkcast/backend/config/package-info.java
[INFO] 	Input tree files (+): /Users/gowri/Documents/ENGINEERING/projects/NutriMind-AI/backend/src/main/java/com/forkcast/backend/controller/RecommendationController.java
[INFO] 	Input tree files (+): /Users/gowri/Documents/ENGINEERING/projects/NutriMind-AI/backend/src/main/java/com/forkcast/backend/controller/UserController.java
[INFO] 	Input tree files (+): /Users/gowri/Documents/ENGINEERING/projects/NutriMind-AI/backend/src/main/java/com/forkcast/backend/controller/package-info.java
[INFO] 	Input tree files (+): /Users/gowri/Documents/ENGINEERING/projects/NutriMind-AI/backend/src/main/java/com/forkcast/backend/dto/LoginRequest.java
[INFO] 	Input tree files (+): /Users/gowri/Documents/ENGINEERING/projects/NutriMind-AI/backend/src/main/java/com/forkcast/backend/dto/LoginResponse.java
[INFO] 	Input tree files (+): /Users/gowri/Documents/ENGINEERING/projects/NutriMind-AI/backend/src/main/java/com/forkcast/backend/dto/RecommendationRequest.java
[INFO] 	Input tree files (+): /Users/gowri/Documents/ENGINEERING/projects/NutriMind-AI/backend/src/main/java/com/forkcast/backend/dto/RecommendationResponse.java
[INFO] 	Input tree files (+): /Users/gowri/Documents/ENGINEERING/projects/NutriMind-AI/backend/src/main/java/com/forkcast/backend/dto/RegisterRequest.java
[INFO] 	Input tree files (+): /Users/gowri/Documents/ENGINEERING/projects/NutriMind-AI/backend/src/main/java/com/forkcast/backend/dto/package-info.java
[INFO] 	Input tree files (+): /Users/gowri/Documents/ENGINEERING/projects/NutriMind-AI/backend/src/main/java/com/forkcast/backend/entity/Recipe.java
[INFO] 	Input tree files (+): /Users/gowri/Documents/ENGINEERING/projects/NutriMind-AI/backend/src/main/java/com/forkcast/backend/entity/User.java
[INFO] 	Input tree files (+): /Users/gowri/Documents/ENGINEERING/projects/NutriMind-AI/backend/src/main/java/com/forkcast/backend/entity/package-info.java
[INFO] 	Input tree files (+): /Users/gowri/Documents/ENGINEERING/projects/NutriMind-AI/backend/src/main/java/com/forkcast/backend/enums/DietType.java
[INFO] 	Input tree files (+): /Users/gowri/Documents/ENGINEERING/projects/NutriMind-AI/backend/src/main/java/com/forkcast/backend/enums/Difficulty.java
[INFO] 	Input tree files (+): /Users/gowri/Documents/ENGINEERING/projects/NutriMind-AI/backend/src/main/java/com/forkcast/backend/enums/EstimatedCost.java
[INFO] 	Input tree files (+): /Users/gowri/Documents/ENGINEERING/projects/NutriMind-AI/backend/src/main/java/com/forkcast/backend/enums/MealType.java
[INFO] 	Input tree files (+): /Users/gowri/Documents/ENGINEERING/projects/NutriMind-AI/backend/src/main/java/com/forkcast/backend/exception/package-info.java
[INFO] 	Input tree files (+): /Users/gowri/Documents/ENGINEERING/projects/NutriMind-AI/backend/src/main/java/com/forkcast/backend/repository/RecipeRepository.java
[INFO] 	Input tree files (+): /Users/gowri/Documents/ENGINEERING/projects/NutriMind-AI/backend/src/main/java/com/forkcast/backend/repository/UserRepository.java
[INFO] 	Input tree files (+): /Users/gowri/Documents/ENGINEERING/projects/NutriMind-AI/backend/src/main/java/com/forkcast/backend/repository/package-info.java
[INFO] 	Input tree files (+): /Users/gowri/Documents/ENGINEERING/projects/NutriMind-AI/backend/src/main/java/com/forkcast/backend/security/package-info.java
[INFO] 	Input tree files (+): /Users/gowri/Documents/ENGINEERING/projects/NutriMind-AI/backend/src/main/java/com/forkcast/backend/service/JwtService.java
[INFO] 	Input tree files (+): /Users/gowri/Documents/ENGINEERING/projects/NutriMind-AI/backend/src/main/java/com/forkcast/backend/service/RecipeService.java
[INFO] 	Input tree files (+): /Users/gowri/Documents/ENGINEERING/projects/NutriMind-AI/backend/src/main/java/com/forkcast/backend/service/RecommendationService.java
[INFO] 	Input tree files (+): /Users/gowri/Documents/ENGINEERING/projects/NutriMind-AI/backend/src/main/java/com/forkcast/backend/service/UserService.java
[INFO] 	Input tree files (+): /Users/gowri/Documents/ENGINEERING/projects/NutriMind-AI/backend/src/main/java/com/forkcast/backend/service/package-info.java
[INFO] 	Input tree files (+): /Users/gowri/Documents/ENGINEERING/projects/NutriMind-AI/backend/src/main/java/com/forkcast/backend/util/package-info.java
[INFO] Recompiling the module because of changed source code.
[DEBUG] Classpath:
[DEBUG]  /Users/gowri/Documents/ENGINEERING/projects/NutriMind-AI/backend/target/classes
[DEBUG]  /Users/gowri/.m2/repository/org/springframework/boot/spring-boot-starter-data-jpa/3.5.16/spring-boot-starter-data-jpa-3.5.16.jar
[DEBUG]  /Users/gowri/.m2/repository/org/springframework/boot/spring-boot-starter/3.5.16/spring-boot-starter-3.5.16.jar
[DEBUG]  /Users/gowri/.m2/repository/org/springframework/boot/spring-boot-starter-logging/3.5.16/spring-boot-starter-logging-3.5.16.jar
[DEBUG]  /Users/gowri/.m2/repository/ch/qos/logback/logback-classic/1.5.34/logback-classic-1.5.34.jar
[DEBUG]  /Users/gowri/.m2/repository/ch/qos/logback/logback-core/1.5.34/logback-core-1.5.34.jar
[DEBUG]  /Users/gowri/.m2/repository/org/apache/logging/log4j/log4j-to-slf4j/2.24.3/log4j-to-slf4j-2.24.3.jar
[DEBUG]  /Users/gowri/.m2/repository/org/apache/logging/log4j/log4j-api/2.24.3/log4j-api-2.24.3.jar
[DEBUG]  /Users/gowri/.m2/repository/org/slf4j/jul-to-slf4j/2.0.18/jul-to-slf4j-2.0.18.jar
[DEBUG]  /Users/gowri/.m2/repository/jakarta/annotation/jakarta.annotation-api/2.1.1/jakarta.annotation-api-2.1.1.jar
[DEBUG]  /Users/gowri/.m2/repository/org/yaml/snakeyaml/2.4/snakeyaml-2.4.jar
[DEBUG]  /Users/gowri/.m2/repository/org/springframework/boot/spring-boot-starter-jdbc/3.5.16/spring-boot-starter-jdbc-3.5.16.jar
[DEBUG]  /Users/gowri/.m2/repository/com/zaxxer/HikariCP/6.3.3/HikariCP-6.3.3.jar
[DEBUG]  /Users/gowri/.m2/repository/org/springframework/spring-jdbc/6.2.19/spring-jdbc-6.2.19.jar
[DEBUG]  /Users/gowri/.m2/repository/org/hibernate/orm/hibernate-core/6.6.53.Final/hibernate-core-6.6.53.Final.jar
[DEBUG]  /Users/gowri/.m2/repository/jakarta/persistence/jakarta.persistence-api/3.1.0/jakarta.persistence-api-3.1.0.jar
[DEBUG]  /Users/gowri/.m2/repository/jakarta/transaction/jakarta.transaction-api/2.0.1/jakarta.transaction-api-2.0.1.jar
[DEBUG]  /Users/gowri/.m2/repository/org/jboss/logging/jboss-logging/3.6.3.Final/jboss-logging-3.6.3.Final.jar
[DEBUG]  /Users/gowri/.m2/repository/com/fasterxml/classmate/1.7.3/classmate-1.7.3.jar
[DEBUG]  /Users/gowri/.m2/repository/org/antlr/antlr4-runtime/4.13.2/antlr4-runtime-4.13.2.jar
[DEBUG]  /Users/gowri/.m2/repository/org/springframework/data/spring-data-jpa/3.5.13/spring-data-jpa-3.5.13.jar
[DEBUG]  /Users/gowri/.m2/repository/org/springframework/data/spring-data-commons/3.5.13/spring-data-commons-3.5.13.jar
[DEBUG]  /Users/gowri/.m2/repository/org/springframework/spring-orm/6.2.19/spring-orm-6.2.19.jar
[DEBUG]  /Users/gowri/.m2/repository/org/springframework/spring-context/6.2.19/spring-context-6.2.19.jar
[DEBUG]  /Users/gowri/.m2/repository/org/springframework/spring-tx/6.2.19/spring-tx-6.2.19.jar
[DEBUG]  /Users/gowri/.m2/repository/org/springframework/spring-beans/6.2.19/spring-beans-6.2.19.jar
[DEBUG]  /Users/gowri/.m2/repository/org/slf4j/slf4j-api/2.0.18/slf4j-api-2.0.18.jar
[DEBUG]  /Users/gowri/.m2/repository/org/springframework/spring-aspects/6.2.19/spring-aspects-6.2.19.jar
[DEBUG]  /Users/gowri/.m2/repository/org/aspectj/aspectjweaver/1.9.25.1/aspectjweaver-1.9.25.1.jar
[DEBUG]  /Users/gowri/.m2/repository/org/springframework/boot/spring-boot-starter-security/3.5.16/spring-boot-starter-security-3.5.16.jar
[DEBUG]  /Users/gowri/.m2/repository/org/springframework/spring-aop/6.2.19/spring-aop-6.2.19.jar
[DEBUG]  /Users/gowri/.m2/repository/org/springframework/security/spring-security-config/6.5.11/spring-security-config-6.5.11.jar
[DEBUG]  /Users/gowri/.m2/repository/org/springframework/security/spring-security-web/6.5.11/spring-security-web-6.5.11.jar
[DEBUG]  /Users/gowri/.m2/repository/org/springframework/spring-expression/6.2.19/spring-expression-6.2.19.jar
[DEBUG]  /Users/gowri/.m2/repository/org/springframework/boot/spring-boot-starter-validation/3.5.16/spring-boot-starter-validation-3.5.16.jar
[DEBUG]  /Users/gowri/.m2/repository/org/apache/tomcat/embed/tomcat-embed-el/10.1.55/tomcat-embed-el-10.1.55.jar
[DEBUG]  /Users/gowri/.m2/repository/org/hibernate/validator/hibernate-validator/8.0.3.Final/hibernate-validator-8.0.3.Final.jar
[DEBUG]  /Users/gowri/.m2/repository/jakarta/validation/jakarta.validation-api/3.0.2/jakarta.validation-api-3.0.2.jar
[DEBUG]  /Users/gowri/.m2/repository/org/springframework/boot/spring-boot-starter-web/3.5.16/spring-boot-starter-web-3.5.16.jar
[DEBUG]  /Users/gowri/.m2/repository/org/springframework/boot/spring-boot-starter-json/3.5.16/spring-boot-starter-json-3.5.16.jar
[DEBUG]  /Users/gowri/.m2/repository/com/fasterxml/jackson/datatype/jackson-datatype-jdk8/2.21.4/jackson-datatype-jdk8-2.21.4.jar
[DEBUG]  /Users/gowri/.m2/repository/com/fasterxml/jackson/datatype/jackson-datatype-jsr310/2.21.4/jackson-datatype-jsr310-2.21.4.jar
[DEBUG]  /Users/gowri/.m2/repository/com/fasterxml/jackson/module/jackson-module-parameter-names/2.21.4/jackson-module-parameter-names-2.21.4.jar
[DEBUG]  /Users/gowri/.m2/repository/org/springframework/boot/spring-boot-starter-tomcat/3.5.16/spring-boot-starter-tomcat-3.5.16.jar
[DEBUG]  /Users/gowri/.m2/repository/org/apache/tomcat/embed/tomcat-embed-core/10.1.55/tomcat-embed-core-10.1.55.jar
[DEBUG]  /Users/gowri/.m2/repository/org/apache/tomcat/embed/tomcat-embed-websocket/10.1.55/tomcat-embed-websocket-10.1.55.jar
[DEBUG]  /Users/gowri/.m2/repository/org/springframework/spring-web/6.2.19/spring-web-6.2.19.jar
[DEBUG]  /Users/gowri/.m2/repository/io/micrometer/micrometer-observation/1.15.12/micrometer-observation-1.15.12.jar
[DEBUG]  /Users/gowri/.m2/repository/io/micrometer/micrometer-commons/1.15.12/micrometer-commons-1.15.12.jar
[DEBUG]  /Users/gowri/.m2/repository/org/springframework/spring-webmvc/6.2.19/spring-webmvc-6.2.19.jar
[DEBUG]  /Users/gowri/.m2/repository/org/springframework/boot/spring-boot/3.5.16/spring-boot-3.5.16.jar
[DEBUG]  /Users/gowri/.m2/repository/org/springframework/boot/spring-boot-autoconfigure/3.5.16/spring-boot-autoconfigure-3.5.16.jar
[DEBUG]  /Users/gowri/.m2/repository/org/projectlombok/lombok/1.18.46/lombok-1.18.46.jar
[DEBUG]  /Users/gowri/.m2/repository/org/springframework/spring-core/6.2.19/spring-core-6.2.19.jar
[DEBUG]  /Users/gowri/.m2/repository/org/springframework/spring-jcl/6.2.19/spring-jcl-6.2.19.jar
[DEBUG]  /Users/gowri/.m2/repository/org/springframework/security/spring-security-core/6.5.11/spring-security-core-6.5.11.jar
[DEBUG]  /Users/gowri/.m2/repository/org/springframework/security/spring-security-crypto/6.5.11/spring-security-crypto-6.5.11.jar
[DEBUG]  /Users/gowri/.m2/repository/io/jsonwebtoken/jjwt-api/0.12.7/jjwt-api-0.12.7.jar
[DEBUG]  /Users/gowri/.m2/repository/com/fasterxml/jackson/core/jackson-databind/2.21.4/jackson-databind-2.21.4.jar
[DEBUG]  /Users/gowri/.m2/repository/com/fasterxml/jackson/core/jackson-annotations/2.21/jackson-annotations-2.21.jar
[DEBUG]  /Users/gowri/.m2/repository/com/fasterxml/jackson/core/jackson-core/2.21.4/jackson-core-2.21.4.jar
[DEBUG] Source roots:
[DEBUG]  /Users/gowri/Documents/ENGINEERING/projects/NutriMind-AI/backend/src/main/java
[DEBUG] Command line options:
[DEBUG] -d /Users/gowri/Documents/ENGINEERING/projects/NutriMind-AI/backend/target/classes -classpath /Users/gowri/Documents/ENGINEERING/projects/NutriMind-AI/backend/target/classes:/Users/gowri/.m2/repository/org/springframework/boot/spring-boot-starter-data-jpa/3.5.16/spring-boot-starter-data-jpa-3.5.16.jar:/Users/gowri/.m2/repository/org/springframework/boot/spring-boot-starter/3.5.16/spring-boot-starter-3.5.16.jar:/Users/gowri/.m2/repository/org/springframework/boot/spring-boot-starter-logging/3.5.16/spring-boot-starter-logging-3.5.16.jar:/Users/gowri/.m2/repository/ch/qos/logback/logback-classic/1.5.34/logback-classic-1.5.34.jar:/Users/gowri/.m2/repository/ch/qos/logback/logback-core/1.5.34/logback-core-1.5.34.jar:/Users/gowri/.m2/repository/org/apache/logging/log4j/log4j-to-slf4j/2.24.3/log4j-to-slf4j-2.24.3.jar:/Users/gowri/.m2/repository/org/apache/logging/log4j/log4j-api/2.24.3/log4j-api-2.24.3.jar:/Users/gowri/.m2/repository/org/slf4j/jul-to-slf4j/2.0.18/jul-to-slf4j-2.0.18.jar:/Users/gowri/.m2/repository/jakarta/annotation/jakarta.annotation-api/2.1.1/jakarta.annotation-api-2.1.1.jar:/Users/gowri/.m2/repository/org/yaml/snakeyaml/2.4/snakeyaml-2.4.jar:/Users/gowri/.m2/repository/org/springframework/boot/spring-boot-starter-jdbc/3.5.16/spring-boot-starter-jdbc-3.5.16.jar:/Users/gowri/.m2/repository/com/zaxxer/HikariCP/6.3.3/HikariCP-6.3.3.jar:/Users/gowri/.m2/repository/org/springframework/spring-jdbc/6.2.19/spring-jdbc-6.2.19.jar:/Users/gowri/.m2/repository/org/hibernate/orm/hibernate-core/6.6.53.Final/hibernate-core-6.6.53.Final.jar:/Users/gowri/.m2/repository/jakarta/persistence/jakarta.persistence-api/3.1.0/jakarta.persistence-api-3.1.0.jar:/Users/gowri/.m2/repository/jakarta/transaction/jakarta.transaction-api/2.0.1/jakarta.transaction-api-2.0.1.jar:/Users/gowri/.m2/repository/org/jboss/logging/jboss-logging/3.6.3.Final/jboss-logging-3.6.3.Final.jar:/Users/gowri/.m2/repository/com/fasterxml/classmate/1.7.3/classmate-1.7.3.jar:/Users/gowri/.m2/repository/org/antlr/antlr4-runtime/4.13.2/antlr4-runtime-4.13.2.jar:/Users/gowri/.m2/repository/org/springframework/data/spring-data-jpa/3.5.13/spring-data-jpa-3.5.13.jar:/Users/gowri/.m2/repository/org/springframework/data/spring-data-commons/3.5.13/spring-data-commons-3.5.13.jar:/Users/gowri/.m2/repository/org/springframework/spring-orm/6.2.19/spring-orm-6.2.19.jar:/Users/gowri/.m2/repository/org/springframework/spring-context/6.2.19/spring-context-6.2.19.jar:/Users/gowri/.m2/repository/org/springframework/spring-tx/6.2.19/spring-tx-6.2.19.jar:/Users/gowri/.m2/repository/org/springframework/spring-beans/6.2.19/spring-beans-6.2.19.jar:/Users/gowri/.m2/repository/org/slf4j/slf4j-api/2.0.18/slf4j-api-2.0.18.jar:/Users/gowri/.m2/repository/org/springframework/spring-aspects/6.2.19/spring-aspects-6.2.19.jar:/Users/gowri/.m2/repository/org/aspectj/aspectjweaver/1.9.25.1/aspectjweaver-1.9.25.1.jar:/Users/gowri/.m2/repository/org/springframework/boot/spring-boot-starter-security/3.5.16/spring-boot-starter-security-3.5.16.jar:/Users/gowri/.m2/repository/org/springframework/spring-aop/6.2.19/spring-aop-6.2.19.jar:/Users/gowri/.m2/repository/org/springframework/security/spring-security-config/6.5.11/spring-security-config-6.5.11.jar:/Users/gowri/.m2/repository/org/springframework/security/spring-security-web/6.5.11/spring-security-web-6.5.11.jar:/Users/gowri/.m2/repository/org/springframework/spring-expression/6.2.19/spring-expression-6.2.19.jar:/Users/gowri/.m2/repository/org/springframework/boot/spring-boot-starter-validation/3.5.16/spring-boot-starter-validation-3.5.16.jar:/Users/gowri/.m2/repository/org/apache/tomcat/embed/tomcat-embed-el/10.1.55/tomcat-embed-el-10.1.55.jar:/Users/gowri/.m2/repository/org/hibernate/validator/hibernate-validator/8.0.3.Final/hibernate-validator-8.0.3.Final.jar:/Users/gowri/.m2/repository/jakarta/validation/jakarta.validation-api/3.0.2/jakarta.validation-api-3.0.2.jar:/Users/gowri/.m2/repository/org/springframework/boot/spring-boot-starter-web/3.5.16/spring-boot-starter-web-3.5.16.jar:/Users/gowri/.m2/repository/org/springframework/boot/spring-boot-starter-json/3.5.16/spring-boot-starter-json-3.5.16.jar:/Users/gowri/.m2/repository/com/fasterxml/jackson/datatype/jackson-datatype-jdk8/2.21.4/jackson-datatype-jdk8-2.21.4.jar:/Users/gowri/.m2/repository/com/fasterxml/jackson/datatype/jackson-datatype-jsr310/2.21.4/jackson-datatype-jsr310-2.21.4.jar:/Users/gowri/.m2/repository/com/fasterxml/jackson/module/jackson-module-parameter-names/2.21.4/jackson-module-parameter-names-2.21.4.jar:/Users/gowri/.m2/repository/org/springframework/boot/spring-boot-starter-tomcat/3.5.16/spring-boot-starter-tomcat-3.5.16.jar:/Users/gowri/.m2/repository/org/apache/tomcat/embed/tomcat-embed-core/10.1.55/tomcat-embed-core-10.1.55.jar:/Users/gowri/.m2/repository/org/apache/tomcat/embed/tomcat-embed-websocket/10.1.55/tomcat-embed-websocket-10.1.55.jar:/Users/gowri/.m2/repository/org/springframework/spring-web/6.2.19/spring-web-6.2.19.jar:/Users/gowri/.m2/repository/io/micrometer/micrometer-observation/1.15.12/micrometer-observation-1.15.12.jar:/Users/gowri/.m2/repository/io/micrometer/micrometer-commons/1.15.12/micrometer-commons-1.15.12.jar:/Users/gowri/.m2/repository/org/springframework/spring-webmvc/6.2.19/spring-webmvc-6.2.19.jar:/Users/gowri/.m2/repository/org/springframework/boot/spring-boot/3.5.16/spring-boot-3.5.16.jar:/Users/gowri/.m2/repository/org/springframework/boot/spring-boot-autoconfigure/3.5.16/spring-boot-autoconfigure-3.5.16.jar:/Users/gowri/.m2/repository/org/projectlombok/lombok/1.18.46/lombok-1.18.46.jar:/Users/gowri/.m2/repository/org/springframework/spring-core/6.2.19/spring-core-6.2.19.jar:/Users/gowri/.m2/repository/org/springframework/spring-jcl/6.2.19/spring-jcl-6.2.19.jar:/Users/gowri/.m2/repository/org/springframework/security/spring-security-core/6.5.11/spring-security-core-6.5.11.jar:/Users/gowri/.m2/repository/org/springframework/security/spring-security-crypto/6.5.11/spring-security-crypto-6.5.11.jar:/Users/gowri/.m2/repository/io/jsonwebtoken/jjwt-api/0.12.7/jjwt-api-0.12.7.jar:/Users/gowri/.m2/repository/com/fasterxml/jackson/core/jackson-databind/2.21.4/jackson-databind-2.21.4.jar:/Users/gowri/.m2/repository/com/fasterxml/jackson/core/jackson-annotations/2.21/jackson-annotations-2.21.jar:/Users/gowri/.m2/repository/com/fasterxml/jackson/core/jackson-core/2.21.4/jackson-core-2.21.4.jar: -sourcepath /Users/gowri/Documents/ENGINEERING/projects/NutriMind-AI/backend/src/main/java: -s /Users/gowri/Documents/ENGINEERING/projects/NutriMind-AI/backend/target/generated-sources/annotations -processorpath /Users/gowri/.m2/repository/org/projectlombok/lombok/1.18.46/lombok-1.18.46.jar: -g -parameters --release 21 -encoding UTF-8 -XDuseUnsharedTable=true
[DEBUG] incrementalBuildHelper#beforeRebuildExecution
[INFO] Compiling 30 source files with javac [debug parameters release 21] to target/classes
[DEBUG] incrementalBuildHelper#afterRebuildExecution
[INFO] -------------------------------------------------------------
[ERROR] COMPILATION ERROR : 
[INFO] -------------------------------------------------------------
[ERROR] /Users/gowri/Documents/ENGINEERING/projects/NutriMind-AI/backend/src/main/java/com/forkcast/backend/entity/Recipe.java:[4,34] cannot access com.forkcast.backend.enums.Difficulty
  bad source file: /Users/gowri/Documents/ENGINEERING/projects/NutriMind-AI/backend/src/main/java/com/forkcast/backend/enums/Difficulty.java
    file does not contain class com.forkcast.backend.enums.Difficulty
    Please remove or make sure it appears in the correct subdirectory of the sourcepath.
[ERROR] /Users/gowri/Documents/ENGINEERING/projects/NutriMind-AI/backend/src/main/java/com/forkcast/backend/entity/Recipe.java:[5,34] cannot access com.forkcast.backend.enums.EstimatedCost
  bad source file: /Users/gowri/Documents/ENGINEERING/projects/NutriMind-AI/backend/src/main/java/com/forkcast/backend/enums/EstimatedCost.java
    file does not contain class com.forkcast.backend.enums.EstimatedCost
    Please remove or make sure it appears in the correct subdirectory of the sourcepath.
[ERROR] /Users/gowri/Documents/ENGINEERING/projects/NutriMind-AI/backend/src/main/java/com/forkcast/backend/entity/Recipe.java:[77,13] cannot find symbol
  symbol:   class Difficulty
  location: class com.forkcast.backend.entity.Recipe
[ERROR] /Users/gowri/Documents/ENGINEERING/projects/NutriMind-AI/backend/src/main/java/com/forkcast/backend/entity/Recipe.java:[90,13] cannot find symbol
  symbol:   class EstimatedCost
  location: class com.forkcast.backend.entity.Recipe
[ERROR] /Users/gowri/Documents/ENGINEERING/projects/NutriMind-AI/backend/src/main/java/com/forkcast/backend/service/RecommendationService.java:[24,42] cannot find symbol
  symbol:   method builder()
  location: class com.forkcast.backend.dto.RecommendationResponse
[ERROR] /Users/gowri/Documents/ENGINEERING/projects/NutriMind-AI/backend/src/main/java/com/forkcast/backend/service/RecommendationService.java:[33,38] invalid method reference
  cannot find symbol
    symbol:   method getProtein()
    location: class com.forkcast.backend.entity.Recipe
[ERROR] /Users/gowri/Documents/ENGINEERING/projects/NutriMind-AI/backend/src/main/java/com/forkcast/backend/service/RecommendationService.java:[43,38] cannot find symbol
  symbol:   method builder()
  location: class com.forkcast.backend.dto.RecommendationResponse
[ERROR] /Users/gowri/Documents/ENGINEERING/projects/NutriMind-AI/backend/src/main/java/com/forkcast/backend/service/RecipeService.java:[22,32] cannot find symbol
  symbol:   method getDietType()
  location: variable request of type com.forkcast.backend.dto.RecommendationRequest
[ERROR] /Users/gowri/Documents/ENGINEERING/projects/NutriMind-AI/backend/src/main/java/com/forkcast/backend/service/RecipeService.java:[23,32] cannot find symbol
  symbol:   method getMealType()
  location: variable request of type com.forkcast.backend.dto.RecommendationRequest
[ERROR] /Users/gowri/Documents/ENGINEERING/projects/NutriMind-AI/backend/src/main/java/com/forkcast/backend/service/RecipeService.java:[26,66] cannot find symbol
  symbol:   method getMaxCalories()
  location: variable request of type com.forkcast.backend.dto.RecommendationRequest
[ERROR] /Users/gowri/Documents/ENGINEERING/projects/NutriMind-AI/backend/src/main/java/com/forkcast/backend/service/RecipeService.java:[27,66] cannot find symbol
  symbol:   method getMaxPrepTime()
  location: variable request of type com.forkcast.backend.dto.RecommendationRequest
[ERROR] /Users/gowri/Documents/ENGINEERING/projects/NutriMind-AI/backend/src/main/java/com/forkcast/backend/service/UserService.java:[24,49] cannot find symbol
  symbol:   method getEmail()
  location: variable request of type com.forkcast.backend.dto.RegisterRequest
[ERROR] /Users/gowri/Documents/ENGINEERING/projects/NutriMind-AI/backend/src/main/java/com/forkcast/backend/service/UserService.java:[28,25] cannot find symbol
  symbol:   method builder()
  location: class com.forkcast.backend.entity.User
[ERROR] /Users/gowri/Documents/ENGINEERING/projects/NutriMind-AI/backend/src/main/java/com/forkcast/backend/service/UserService.java:[29,34] cannot find symbol
  symbol:   method getFullName()
  location: variable request of type com.forkcast.backend.dto.RegisterRequest
[ERROR] /Users/gowri/Documents/ENGINEERING/projects/NutriMind-AI/backend/src/main/java/com/forkcast/backend/service/UserService.java:[30,31] cannot find symbol
  symbol:   method getEmail()
  location: variable request of type com.forkcast.backend.dto.RegisterRequest
[ERROR] /Users/gowri/Documents/ENGINEERING/projects/NutriMind-AI/backend/src/main/java/com/forkcast/backend/service/UserService.java:[31,57] cannot find symbol
  symbol:   method getPassword()
  location: variable request of type com.forkcast.backend.dto.RegisterRequest
[ERROR] /Users/gowri/Documents/ENGINEERING/projects/NutriMind-AI/backend/src/main/java/com/forkcast/backend/service/UserService.java:[32,37] cannot find symbol
  symbol:   method getDateOfBirth()
  location: variable request of type com.forkcast.backend.dto.RegisterRequest
[ERROR] /Users/gowri/Documents/ENGINEERING/projects/NutriMind-AI/backend/src/main/java/com/forkcast/backend/service/UserService.java:[33,32] cannot find symbol
  symbol:   method getGender()
  location: variable request of type com.forkcast.backend.dto.RegisterRequest
[ERROR] /Users/gowri/Documents/ENGINEERING/projects/NutriMind-AI/backend/src/main/java/com/forkcast/backend/service/UserService.java:[34,34] cannot find symbol
  symbol:   method getHeightCm()
  location: variable request of type com.forkcast.backend.dto.RegisterRequest
[ERROR] /Users/gowri/Documents/ENGINEERING/projects/NutriMind-AI/backend/src/main/java/com/forkcast/backend/service/UserService.java:[35,34] cannot find symbol
  symbol:   method getWeightKg()
  location: variable request of type com.forkcast.backend.dto.RegisterRequest
[ERROR] /Users/gowri/Documents/ENGINEERING/projects/NutriMind-AI/backend/src/main/java/com/forkcast/backend/service/UserService.java:[36,39] cannot find symbol
  symbol:   method getActivityLevel()
  location: variable request of type com.forkcast.backend.dto.RegisterRequest
[ERROR] /Users/gowri/Documents/ENGINEERING/projects/NutriMind-AI/backend/src/main/java/com/forkcast/backend/service/UserService.java:[37,30] cannot find symbol
  symbol:   method getGoal()
  location: variable request of type com.forkcast.backend.dto.RegisterRequest
[ERROR] /Users/gowri/Documents/ENGINEERING/projects/NutriMind-AI/backend/src/main/java/com/forkcast/backend/service/UserService.java:[38,40] cannot find symbol
  symbol:   method getDietPreference()
  location: variable request of type com.forkcast.backend.dto.RegisterRequest
[ERROR] /Users/gowri/Documents/ENGINEERING/projects/NutriMind-AI/backend/src/main/java/com/forkcast/backend/service/UserService.java:[39,35] cannot find symbol
  symbol:   method getAllergies()
  location: variable request of type com.forkcast.backend.dto.RegisterRequest
[ERROR] /Users/gowri/Documents/ENGINEERING/projects/NutriMind-AI/backend/src/main/java/com/forkcast/backend/service/UserService.java:[40,42] cannot find symbol
  symbol:   method getHealthConditions()
  location: variable request of type com.forkcast.backend.dto.RegisterRequest
[ERROR] /Users/gowri/Documents/ENGINEERING/projects/NutriMind-AI/backend/src/main/java/com/forkcast/backend/service/UserService.java:[48,73] cannot find symbol
  symbol:   method getEmail()
  location: variable request of type com.forkcast.backend.dto.LoginRequest
[ERROR] /Users/gowri/Documents/ENGINEERING/projects/NutriMind-AI/backend/src/main/java/com/forkcast/backend/service/UserService.java:[56,45] cannot find symbol
  symbol:   method getPassword()
  location: variable request of type com.forkcast.backend.dto.LoginRequest
[ERROR] /Users/gowri/Documents/ENGINEERING/projects/NutriMind-AI/backend/src/main/java/com/forkcast/backend/service/UserService.java:[56,65] cannot find symbol
  symbol:   method getPassword()
  location: variable user of type com.forkcast.backend.entity.User
[ERROR] /Users/gowri/Documents/ENGINEERING/projects/NutriMind-AI/backend/src/main/java/com/forkcast/backend/service/UserService.java:[60,53] cannot find symbol
  symbol:   method getEmail()
  location: variable user of type com.forkcast.backend.entity.User
[ERROR] /Users/gowri/Documents/ENGINEERING/projects/NutriMind-AI/backend/src/main/java/com/forkcast/backend/service/UserService.java:[62,29] cannot find symbol
  symbol:   method builder()
  location: class com.forkcast.backend.dto.LoginResponse
[INFO] 30 errors 
[INFO] -------------------------------------------------------------
[DEBUG] Adding /Users/gowri/Documents/ENGINEERING/projects/NutriMind-AI/backend/target/generated-sources/annotations to the project compile source roots but NOT the actual compile source roots:
  /Users/gowri/Documents/ENGINEERING/projects/NutriMind-AI/backend/src/main/java
[INFO] ------------------------------------------------------------------------
[INFO] BUILD FAILURE
[INFO] ------------------------------------------------------------------------
[INFO] Total time:  1.652 s
[INFO] Finished at: 2026-07-27T10:35:39+05:30
[INFO] ------------------------------------------------------------------------
[ERROR] Failed to execute goal org.apache.maven.plugins:maven-compiler-plugin:3.14.1:compile (default-compile) on project backend: Compilation failure: Compilation failure: 
[ERROR] /Users/gowri/Documents/ENGINEERING/projects/NutriMind-AI/backend/src/main/java/com/forkcast/backend/entity/Recipe.java:[4,34] cannot access com.forkcast.backend.enums.Difficulty
[ERROR]   bad source file: /Users/gowri/Documents/ENGINEERING/projects/NutriMind-AI/backend/src/main/java/com/forkcast/backend/enums/Difficulty.java
[ERROR]     file does not contain class com.forkcast.backend.enums.Difficulty
[ERROR]     Please remove or make sure it appears in the correct subdirectory of the sourcepath.
[ERROR] /Users/gowri/Documents/ENGINEERING/projects/NutriMind-AI/backend/src/main/java/com/forkcast/backend/entity/Recipe.java:[5,34] cannot access com.forkcast.backend.enums.EstimatedCost
[ERROR]   bad source file: /Users/gowri/Documents/ENGINEERING/projects/NutriMind-AI/backend/src/main/java/com/forkcast/backend/enums/EstimatedCost.java
[ERROR]     file does not contain class com.forkcast.backend.enums.EstimatedCost
[ERROR]     Please remove or make sure it appears in the correct subdirectory of the sourcepath.
[ERROR] /Users/gowri/Documents/ENGINEERING/projects/NutriMind-AI/backend/src/main/java/com/forkcast/backend/entity/Recipe.java:[77,13] cannot find symbol
[ERROR]   symbol:   class Difficulty
[ERROR]   location: class com.forkcast.backend.entity.Recipe
[ERROR] /Users/gowri/Documents/ENGINEERING/projects/NutriMind-AI/backend/src/main/java/com/forkcast/backend/entity/Recipe.java:[90,13] cannot find symbol
[ERROR]   symbol:   class EstimatedCost
[ERROR]   location: class com.forkcast.backend.entity.Recipe
[ERROR] /Users/gowri/Documents/ENGINEERING/projects/NutriMind-AI/backend/src/main/java/com/forkcast/backend/service/RecommendationService.java:[24,42] cannot find symbol
[ERROR]   symbol:   method builder()
[ERROR]   location: class com.forkcast.backend.dto.RecommendationResponse
[ERROR] /Users/gowri/Documents/ENGINEERING/projects/NutriMind-AI/backend/src/main/java/com/forkcast/backend/service/RecommendationService.java:[33,38] invalid method reference
[ERROR]   cannot find symbol
[ERROR]     symbol:   method getProtein()
[ERROR]     location: class com.forkcast.backend.entity.Recipe
[ERROR] /Users/gowri/Documents/ENGINEERING/projects/NutriMind-AI/backend/src/main/java/com/forkcast/backend/service/RecommendationService.java:[43,38] cannot find symbol
[ERROR]   symbol:   method builder()
[ERROR]   location: class com.forkcast.backend.dto.RecommendationResponse
[ERROR] /Users/gowri/Documents/ENGINEERING/projects/NutriMind-AI/backend/src/main/java/com/forkcast/backend/service/RecipeService.java:[22,32] cannot find symbol
[ERROR]   symbol:   method getDietType()
[ERROR]   location: variable request of type com.forkcast.backend.dto.RecommendationRequest
[ERROR] /Users/gowri/Documents/ENGINEERING/projects/NutriMind-AI/backend/src/main/java/com/forkcast/backend/service/RecipeService.java:[23,32] cannot find symbol
[ERROR]   symbol:   method getMealType()
[ERROR]   location: variable request of type com.forkcast.backend.dto.RecommendationRequest
[ERROR] /Users/gowri/Documents/ENGINEERING/projects/NutriMind-AI/backend/src/main/java/com/forkcast/backend/service/RecipeService.java:[26,66] cannot find symbol
[ERROR]   symbol:   method getMaxCalories()
[ERROR]   location: variable request of type com.forkcast.backend.dto.RecommendationRequest
[ERROR] /Users/gowri/Documents/ENGINEERING/projects/NutriMind-AI/backend/src/main/java/com/forkcast/backend/service/RecipeService.java:[27,66] cannot find symbol
[ERROR]   symbol:   method getMaxPrepTime()
[ERROR]   location: variable request of type com.forkcast.backend.dto.RecommendationRequest
[ERROR] /Users/gowri/Documents/ENGINEERING/projects/NutriMind-AI/backend/src/main/java/com/forkcast/backend/service/UserService.java:[24,49] cannot find symbol
[ERROR]   symbol:   method getEmail()
[ERROR]   location: variable request of type com.forkcast.backend.dto.RegisterRequest
[ERROR] /Users/gowri/Documents/ENGINEERING/projects/NutriMind-AI/backend/src/main/java/com/forkcast/backend/service/UserService.java:[28,25] cannot find symbol
[ERROR]   symbol:   method builder()
[ERROR]   location: class com.forkcast.backend.entity.User
[ERROR] /Users/gowri/Documents/ENGINEERING/projects/NutriMind-AI/backend/src/main/java/com/forkcast/backend/service/UserService.java:[29,34] cannot find symbol
[ERROR]   symbol:   method getFullName()
[ERROR]   location: variable request of type com.forkcast.backend.dto.RegisterRequest
[ERROR] /Users/gowri/Documents/ENGINEERING/projects/NutriMind-AI/backend/src/main/java/com/forkcast/backend/service/UserService.java:[30,31] cannot find symbol
[ERROR]   symbol:   method getEmail()
[ERROR]   location: variable request of type com.forkcast.backend.dto.RegisterRequest
[ERROR] /Users/gowri/Documents/ENGINEERING/projects/NutriMind-AI/backend/src/main/java/com/forkcast/backend/service/UserService.java:[31,57] cannot find symbol
[ERROR]   symbol:   method getPassword()
[ERROR]   location: variable request of type com.forkcast.backend.dto.RegisterRequest
[ERROR] /Users/gowri/Documents/ENGINEERING/projects/NutriMind-AI/backend/src/main/java/com/forkcast/backend/service/UserService.java:[32,37] cannot find symbol
[ERROR]   symbol:   method getDateOfBirth()
[ERROR]   location: variable request of type com.forkcast.backend.dto.RegisterRequest
[ERROR] /Users/gowri/Documents/ENGINEERING/projects/NutriMind-AI/backend/src/main/java/com/forkcast/backend/service/UserService.java:[33,32] cannot find symbol
[ERROR]   symbol:   method getGender()
[ERROR]   location: variable request of type com.forkcast.backend.dto.RegisterRequest
[ERROR] /Users/gowri/Documents/ENGINEERING/projects/NutriMind-AI/backend/src/main/java/com/forkcast/backend/service/UserService.java:[34,34] cannot find symbol
[ERROR]   symbol:   method getHeightCm()
[ERROR]   location: variable request of type com.forkcast.backend.dto.RegisterRequest
[ERROR] /Users/gowri/Documents/ENGINEERING/projects/NutriMind-AI/backend/src/main/java/com/forkcast/backend/service/UserService.java:[35,34] cannot find symbol
[ERROR]   symbol:   method getWeightKg()
[ERROR]   location: variable request of type com.forkcast.backend.dto.RegisterRequest
[ERROR] /Users/gowri/Documents/ENGINEERING/projects/NutriMind-AI/backend/src/main/java/com/forkcast/backend/service/UserService.java:[36,39] cannot find symbol
[ERROR]   symbol:   method getActivityLevel()
[ERROR]   location: variable request of type com.forkcast.backend.dto.RegisterRequest
[ERROR] /Users/gowri/Documents/ENGINEERING/projects/NutriMind-AI/backend/src/main/java/com/forkcast/backend/service/UserService.java:[37,30] cannot find symbol
[ERROR]   symbol:   method getGoal()
[ERROR]   location: variable request of type com.forkcast.backend.dto.RegisterRequest
[ERROR] /Users/gowri/Documents/ENGINEERING/projects/NutriMind-AI/backend/src/main/java/com/forkcast/backend/service/UserService.java:[38,40] cannot find symbol
[ERROR]   symbol:   method getDietPreference()
[ERROR]   location: variable request of type com.forkcast.backend.dto.RegisterRequest
[ERROR] /Users/gowri/Documents/ENGINEERING/projects/NutriMind-AI/backend/src/main/java/com/forkcast/backend/service/UserService.java:[39,35] cannot find symbol
[ERROR]   symbol:   method getAllergies()
[ERROR]   location: variable request of type com.forkcast.backend.dto.RegisterRequest
[ERROR] /Users/gowri/Documents/ENGINEERING/projects/NutriMind-AI/backend/src/main/java/com/forkcast/backend/service/UserService.java:[40,42] cannot find symbol
[ERROR]   symbol:   method getHealthConditions()
[ERROR]   location: variable request of type com.forkcast.backend.dto.RegisterRequest
[ERROR] /Users/gowri/Documents/ENGINEERING/projects/NutriMind-AI/backend/src/main/java/com/forkcast/backend/service/UserService.java:[48,73] cannot find symbol
[ERROR]   symbol:   method getEmail()
[ERROR]   location: variable request of type com.forkcast.backend.dto.LoginRequest
[ERROR] /Users/gowri/Documents/ENGINEERING/projects/NutriMind-AI/backend/src/main/java/com/forkcast/backend/service/UserService.java:[56,45] cannot find symbol
[ERROR]   symbol:   method getPassword()
[ERROR]   location: variable request of type com.forkcast.backend.dto.LoginRequest
[ERROR] /Users/gowri/Documents/ENGINEERING/projects/NutriMind-AI/backend/src/main/java/com/forkcast/backend/service/UserService.java:[56,65] cannot find symbol
[ERROR]   symbol:   method getPassword()
[ERROR]   location: variable user of type com.forkcast.backend.entity.User
[ERROR] /Users/gowri/Documents/ENGINEERING/projects/NutriMind-AI/backend/src/main/java/com/forkcast/backend/service/UserService.java:[60,53] cannot find symbol
[ERROR]   symbol:   method getEmail()
[ERROR]   location: variable user of type com.forkcast.backend.entity.User
[ERROR] /Users/gowri/Documents/ENGINEERING/projects/NutriMind-AI/backend/src/main/java/com/forkcast/backend/service/UserService.java:[62,29] cannot find symbol
[ERROR]   symbol:   method builder()
[ERROR]   location: class com.forkcast.backend.dto.LoginResponse
[ERROR] -> [Help 1]
org.apache.maven.lifecycle.LifecycleExecutionException: Failed to execute goal org.apache.maven.plugins:maven-compiler-plugin:3.14.1:compile (default-compile) on project backend: Compilation failure
    at org.apache.maven.lifecycle.internal.MojoExecutor.doExecute2 (MojoExecutor.java:333)
    at org.apache.maven.lifecycle.internal.MojoExecutor.doExecute (MojoExecutor.java:316)
    at org.apache.maven.lifecycle.internal.MojoExecutor.execute (MojoExecutor.java:212)
    at org.apache.maven.lifecycle.internal.MojoExecutor.execute (MojoExecutor.java:174)
    at org.apache.maven.lifecycle.internal.MojoExecutor.access$000 (MojoExecutor.java:75)
    at org.apache.maven.lifecycle.internal.MojoExecutor$1.run (MojoExecutor.java:162)
    at org.apache.maven.plugin.DefaultMojosExecutionStrategy.execute (DefaultMojosExecutionStrategy.java:39)
    at org.apache.maven.lifecycle.internal.MojoExecutor.execute (MojoExecutor.java:159)
    at org.apache.maven.lifecycle.internal.LifecycleModuleBuilder.buildProject (LifecycleModuleBuilder.java:105)
    at org.apache.maven.lifecycle.internal.LifecycleModuleBuilder.buildProject (LifecycleModuleBuilder.java:73)
    at org.apache.maven.lifecycle.internal.builder.singlethreaded.SingleThreadedBuilder.build (SingleThreadedBuilder.java:53)
    at org.apache.maven.lifecycle.internal.LifecycleStarter.execute (LifecycleStarter.java:118)
    at org.apache.maven.DefaultMaven.doExecute (DefaultMaven.java:261)
    at org.apache.maven.DefaultMaven.doExecute (DefaultMaven.java:173)
    at org.apache.maven.DefaultMaven.execute (DefaultMaven.java:101)
    at org.apache.maven.cli.MavenCli.execute (MavenCli.java:919)
    at org.apache.maven.cli.MavenCli.doMain (MavenCli.java:285)
    at org.apache.maven.cli.MavenCli.main (MavenCli.java:207)
    at jdk.internal.reflect.DirectMethodHandleAccessor.invoke (DirectMethodHandleAccessor.java:103)
    at java.lang.reflect.Method.invoke (Method.java:580)
    at org.codehaus.plexus.classworlds.launcher.Launcher.launchEnhanced (Launcher.java:255)
    at org.codehaus.plexus.classworlds.launcher.Launcher.launch (Launcher.java:201)
    at org.codehaus.plexus.classworlds.launcher.Launcher.mainWithExitCode (Launcher.java:362)
    at org.codehaus.plexus.classworlds.launcher.Launcher.main (Launcher.java:314)
Caused by: org.apache.maven.plugin.compiler.CompilationFailureException: Compilation failure
    at org.apache.maven.plugin.compiler.AbstractCompilerMojo.executeReal (AbstractCompilerMojo.java:1318)
    at org.apache.maven.plugin.compiler.AbstractCompilerMojo.execute (AbstractCompilerMojo.java:708)
    at org.apache.maven.plugin.compiler.CompilerMojo.execute (CompilerMojo.java:235)
    at org.apache.maven.plugin.DefaultBuildPluginManager.executeMojo (DefaultBuildPluginManager.java:126)
    at org.apache.maven.lifecycle.internal.MojoExecutor.doExecute2 (MojoExecutor.java:328)
    at org.apache.maven.lifecycle.internal.MojoExecutor.doExecute (MojoExecutor.java:316)
    at org.apache.maven.lifecycle.internal.MojoExecutor.execute (MojoExecutor.java:212)
    at org.apache.maven.lifecycle.internal.MojoExecutor.execute (MojoExecutor.java:174)
    at org.apache.maven.lifecycle.internal.MojoExecutor.access$000 (MojoExecutor.java:75)
    at org.apache.maven.lifecycle.internal.MojoExecutor$1.run (MojoExecutor.java:162)
    at org.apache.maven.plugin.DefaultMojosExecutionStrategy.execute (DefaultMojosExecutionStrategy.java:39)
    at org.apache.maven.lifecycle.internal.MojoExecutor.execute (MojoExecutor.java:159)
    at org.apache.maven.lifecycle.internal.LifecycleModuleBuilder.buildProject (LifecycleModuleBuilder.java:105)
    at org.apache.maven.lifecycle.internal.LifecycleModuleBuilder.buildProject (LifecycleModuleBuilder.java:73)
    at org.apache.maven.lifecycle.internal.builder.singlethreaded.SingleThreadedBuilder.build (SingleThreadedBuilder.java:53)
    at org.apache.maven.lifecycle.internal.LifecycleStarter.execute (LifecycleStarter.java:118)
    at org.apache.maven.DefaultMaven.doExecute (DefaultMaven.java:261)
    at org.apache.maven.DefaultMaven.doExecute (DefaultMaven.java:173)
    at org.apache.maven.DefaultMaven.execute (DefaultMaven.java:101)
    at org.apache.maven.cli.MavenCli.execute (MavenCli.java:919)
    at org.apache.maven.cli.MavenCli.doMain (MavenCli.java:285)
    at org.apache.maven.cli.MavenCli.main (MavenCli.java:207)
    at jdk.internal.reflect.DirectMethodHandleAccessor.invoke (DirectMethodHandleAccessor.java:103)
    at java.lang.reflect.Method.invoke (Method.java:580)
    at org.codehaus.plexus.classworlds.launcher.Launcher.launchEnhanced (Launcher.java:255)
    at org.codehaus.plexus.classworlds.launcher.Launcher.launch (Launcher.java:201)
    at org.codehaus.plexus.classworlds.launcher.Launcher.mainWithExitCode (Launcher.java:362)
    at org.codehaus.plexus.classworlds.launcher.Launcher.main (Launcher.java:314)
[ERROR] 
[ERROR] 
[ERROR] For more information about the errors and possible solutions, please read the following articles:
[ERROR] [Help 1] http://cwiki.apache.org/confluence/display/MAVEN/MojoFailureException
[DEBUG] Shutting down adapter factory; available factories [file-lock, rwlock-local, semaphore-local, noop]; available name mappers [discriminating, file-gaecv, file-gav, file-hgaecv, file-hgav, file-static, gaecv, gav, static]
[DEBUG] Shutting down 'file-lock' factory
[DEBUG] Shutting down 'rwlock-local' factory
[DEBUG] Shutting down 'semaphore-local' factory
[DEBUG] Shutting down 'noop' factory
